frame,time_seconds,segment_label,cycle_index
0,0.0,start_transient,-1
1,0.01,start_transient,-1
2,0.02,start_transient,-1
3,0.03,start_transient,-1
4,0.04,start_transient,-1
5,0.05,start_transient,-1
6,0.06,start_transient,-1
7,0.07,start_transient,-1
8,0.08,start_transient,-1
9,0.09,start_transient,-1
10,0.1,start_transient,-1
11,0.11,start_transient,-1
12,0.12,start_transient,-1
13,0.13,start_transient,-1
14,0.14,start_transient,-1
15,0.15,start_transient,-1
16,0.16,start_transient,-1
17,0.17,start_transient,-1
18,0.18,start_transient,-1
19,0.19,start_transient,-1
20,0.2,start_transient,-1
21,0.21,start_transient,-1
22,0.22,start_transient,-1
23,0.23,start_transient,-1
24,0.24,start_transient,-1
25,0.25,start_transient,-1
26,0.26,start_transient,-1
27,0.27,start_transient,-1
28,0.28,start_transient,-1
29,0.29,start_transient,-1
30,0.3,start_transient,-1
31,0.31,start_transient,-1
32,0.32,start_transient,-1
33,0.33,start_transient,-1
34,0.34,start_transient,-1
35,0.35,start_transient,-1
36,0.36,start_transient,-1
37,0.37,start_transient,-1
38,0.38,start_transient,-1
39,0.39,start_transient,-1
40,0.4,start_transient,-1
41,0.41,start_transient,-1
42,0.42,start_transient,-1
43,0.43,start_transient,-1
44,0.44,start_transient,-1
45,0.45,start_transient,-1
46,0.46,start_transient,-1
47,0.47,start_transient,-1
48,0.48,start_transient,-1
49,0.49,start_transient,-1
50,0.5,start_transient,-1
51,0.51,start_transient,-1
52,0.52,start_transient,-1
53,0.53,start_transient,-1
54,0.54,start_transient,-1
55,0.55,start_transient,-1
56,0.56,start_transient,-1
57,0.57,start_transient,-1
58,0.58,start_transient,-1
59,0.59,start_transient,-1
60,0.6,start_transient,-1
61,0.61,start_transient,-1
62,0.62,start_transient,-1
63,0.63,start_transient,-1
64,0.64,start_transient,-1
65,0.65,start_transient,-1
66,0.66,start_transient,-1
67,0.67,start_transient,-1
68,0.68,start_transient,-1
69,0.69,start_transient,-1
70,0.7,start_transient,-1
71,0.71,start_transient,-1
72,0.72,start_transient,-1
73,0.73,start_transient,-1
74,0.74,start_transient,-1
75,0.75,start_transient,-1
76,0.76,start_transient,-1
77,0.77,start_transient,-1
78,0.78,start_transient,-1
79,0.79,start_transient,-1
80,0.8,start_transient,-1
81,0.81,start_transient,-1
82,0.82,start_transient,-1
83,0.83,start_transient,-1
84,0.84,start_transient,-1
85,0.85,start_transient,-1
86,0.86,start_transient,-1
87,0.87,start_transient,-1
88,0.88,start_transient,-1
89,0.89,start_transient,-1
90,0.9,start_transient,-1
91,0.91,start_transient,-1
92,0.92,start_transient,-1
93,0.93,start_transient,-1
94,0.94,start_transient,-1
95,0.95,start_transient,-1
96,0.96,start_transient,-1
97,0.97,start_transient,-1
98,0.98,start_transient,-1
99,0.99,start_transient,-1
100,1.0,start_transient,-1
101,1.01,start_transient,-1
102,1.02,start_transient,-1
103,1.03,start_transient,-1
104,1.04,start_transient,-1
105,1.05,start_transient,-1
106,1.06,start_transient,-1
107,1.07,start_transient,-1
108,1.08,start_transient,-1
109,1.09,start_transient,-1
110,1.1,start_transient,-1
111,1.11,start_transient,-1
112,1.12,start_transient,-1
113,1.13,start_transient,-1
114,1.14,start_transient,-1
115,1.15,start_transient,-1
116,1.16,start_transient,-1
117,1.17,start_transient,-1
118,1.18,start_transient,-1
119,1.19,start_transient,-1
120,1.2,start_transient,-1
121,1.21,start_transient,-1
122,1.22,start_transient,-1
123,1.23,start_transient,-1
124,1.24,start_transient,-1
125,1.25,start_transient,-1
126,1.26,start_transient,-1
127,1.27,start_transient,-1
128,1.28,start_transient,-1
129,1.29,start_transient,-1
130,1.3,start_transient,-1
131,1.31,start_transient,-1
132,1.32,start_transient,-1
133,1.33,start_transient,-1
134,1.34,start_transient,-1
135,1.35,start_transient,-1
136,1.36,start_transient,-1
137,1.37,start_transient,-1
138,1.38,start_transient,-1
139,1.39,start_transient,-1
140,1.4,start_transient,-1
141,1.41,start_transient,-1
142,1.42,start_transient,-1
143,1.43,start_transient,-1
144,1.44,start_transient,-1
145,1.45,start_transient,-1
146,1.46,start_transient,-1
147,1.47,start_transient,-1
148,1.48,start_transient,-1
149,1.49,start_transient,-1
150,1.5,start_transient,-1
151,1.51,start_transient,-1
152,1.52,start_transient,-1
153,1.53,start_transient,-1
154,1.54,start_transient,-1
155,1.55,start_transient,-1
156,1.56,start_transient,-1
157,1.57,start_transient,-1
158,1.58,start_transient,-1
159,1.59,start_transient,-1
160,1.6,start_transient,-1
161,1.61,start_transient,-1
162,1.62,start_transient,-1
163,1.63,start_transient,-1
164,1.64,start_transient,-1
165,1.65,start_transient,-1
166,1.66,start_transient,-1
167,1.67,start_transient,-1
168,1.68,start_transient,-1
169,1.69,start_transient,-1
170,1.7,start_transient,-1
171,1.71,start_transient,-1
172,1.72,start_transient,-1
173,1.73,start_transient,-1
174,1.74,start_transient,-1
175,1.75,start_transient,-1
176,1.76,start_transient,-1
177,1.77,start_transient,-1
178,1.78,start_transient,-1
179,1.79,start_transient,-1
180,1.8,start_transient,-1
181,1.81,start_transient,-1
182,1.82,start_transient,-1
183,1.83,start_transient,-1
184,1.84,start_transient,-1
185,1.85,start_transient,-1
186,1.86,start_transient,-1
187,1.87,start_transient,-1
188,1.88,start_transient,-1
189,1.89,start_transient,-1
190,1.9,start_transient,-1
191,1.91,start_transient,-1
192,1.92,start_transient,-1
193,1.93,start_transient,-1
194,1.94,start_transient,-1
195,1.95,start_transient,-1
196,1.96,start_transient,-1
197,1.97,start_transient,-1
198,1.98,start_transient,-1
199,1.99,start_transient,-1
200,2.0,start_transient,-1
201,2.01,start_transient,-1
202,2.02,start_transient,-1
203,2.03,start_transient,-1
204,2.04,start_transient,-1
205,2.05,start_transient,-1
206,2.06,start_transient,-1
207,2.07,start_transient,-1
208,2.08,start_transient,-1
209,2.09,start_transient,-1
210,2.1,start_transient,-1
211,2.11,start_transient,-1
212,2.12,start_transient,-1
213,2.13,start_transient,-1
214,2.14,start_transient,-1
215,2.15,start_transient,-1
216,2.16,start_transient,-1
217,2.17,start_transient,-1
218,2.18,start_transient,-1
219,2.19,start_transient,-1
220,2.2,start_transient,-1
221,2.21,start_transient,-1
222,2.22,start_transient,-1
223,2.23,start_transient,-1
224,2.24,start_transient,-1
225,2.25,start_transient,-1
226,2.26,start_transient,-1
227,2.27,start_transient,-1
228,2.28,start_transient,-1
229,2.29,start_transient,-1
230,2.3,start_transient,-1
231,2.31,start_transient,-1
232,2.32,start_transient,-1
233,2.33,start_transient,-1
234,2.34,start_transient,-1
235,2.35,start_transient,-1
236,2.36,start_transient,-1
237,2.37,start_transient,-1
238,2.38,start_transient,-1
239,2.39,start_transient,-1
240,2.4,start_transient,-1
241,2.41,start_transient,-1
242,2.42,start_transient,-1
243,2.43,start_transient,-1
244,2.44,start_transient,-1
245,2.45,start_transient,-1
246,2.46,start_transient,-1
247,2.47,start_transient,-1
248,2.48,start_transient,-1
249,2.49,start_transient,-1
250,2.5,start_transient,-1
251,2.51,start_transient,-1
252,2.52,start_transient,-1
253,2.53,start_transient,-1
254,2.54,start_transient,-1
255,2.55,start_transient,-1
256,2.56,start_transient,-1
257,2.57,start_transient,-1
258,2.58,start_transient,-1
259,2.59,start_transient,-1
260,2.6,start_transient,-1
261,2.61,start_transient,-1
262,2.62,start_transient,-1
263,2.63,start_transient,-1
264,2.64,start_transient,-1
265,2.65,start_transient,-1
266,2.66,start_transient,-1
267,2.67,start_transient,-1
268,2.68,start_transient,-1
269,2.69,start_transient,-1
270,2.7,start_transient,-1
271,2.71,start_transient,-1
272,2.72,start_transient,-1
273,2.73,start_transient,-1
274,2.74,start_transient,-1
275,2.75,start_transient,-1
276,2.76,start_transient,-1
277,2.77,start_transient,-1
278,2.78,start_transient,-1
279,2.79,start_transient,-1
280,2.8,start_transient,-1
281,2.81,start_transient,-1
282,2.82,start_transient,-1
283,2.83,start_transient,-1
284,2.84,start_transient,-1
285,2.85,start_transient,-1
286,2.86,start_transient,-1
287,2.87,start_transient,-1
288,2.88,start_transient,-1
289,2.89,start_transient,-1
290,2.9,start_transient,-1
291,2.91,start_transient,-1
292,2.92,start_transient,-1
293,2.93,start_transient,-1
294,2.94,start_transient,-1
295,2.95,start_transient,-1
296,2.96,start_transient,-1
297,2.97,start_transient,-1
298,2.98,start_transient,-1
299,2.99,start_transient,-1
300,3.0,start_transient,-1
301,3.01,start_transient,-1
302,3.02,start_transient,-1
303,3.03,start_transient,-1
304,3.04,start_transient,-1
305,3.05,start_transient,-1
306,3.06,start_transient,-1
307,3.07,start_transient,-1
308,3.08,start_transient,-1
309,3.09,start_transient,-1
310,3.1,start_transient,-1
311,3.11,start_transient,-1
312,3.12,start_transient,-1
313,3.13,start_transient,-1
314,3.14,start_transient,-1
315,3.15,start_transient,-1
316,3.16,start_transient,-1
317,3.17,start_transient,-1
318,3.18,start_transient,-1
319,3.19,start_transient,-1
320,3.2,start_transient,-1
321,3.21,start_transient,-1
322,3.22,start_transient,-1
323,3.23,start_transient,-1
324,3.24,start_transient,-1
325,3.25,start_transient,-1
326,3.26,start_transient,-1
327,3.27,start_transient,-1
328,3.28,start_transient,-1
329,3.29,start_transient,-1
330,3.3,start_transient,-1
331,3.31,start_transient,-1
332,3.32,start_transient,-1
333,3.33,start_transient,-1
334,3.34,start_transient,-1
335,3.35,start_transient,-1
336,3.36,start_transient,-1
337,3.37,start_transient,-1
338,3.38,start_transient,-1
339,3.39,start_transient,-1
340,3.4,start_transient,-1
341,3.41,start_transient,-1
342,3.42,start_transient,-1
343,3.43,start_transient,-1
344,3.44,start_transient,-1
345,3.45,start_transient,-1
346,3.46,start_transient,-1
347,3.47,start_transient,-1
348,3.48,start_transient,-1
349,3.49,start_transient,-1
350,3.5,start_transient,-1
351,3.51,start_transient,-1
352,3.52,start_transient,-1
353,3.53,start_transient,-1
354,3.54,start_transient,-1
355,3.55,start_transient,-1
356,3.56,start_transient,-1
357,3.57,start_transient,-1
358,3.58,start_transient,-1
359,3.59,start_transient,-1
360,3.6,periodic,-1
361,3.61,periodic,1
362,3.62,periodic,1
363,3.63,periodic,1
364,3.64,periodic,1
365,3.65,periodic,1
366,3.66,periodic,1
367,3.67,periodic,1
368,3.68,periodic,1
369,3.69,periodic,1
370,3.7,periodic,1
371,3.71,periodic,1
372,3.72,periodic,1
373,3.73,periodic,1
374,3.74,periodic,1
375,3.75,periodic,1
376,3.76,periodic,1
377,3.77,periodic,1
378,3.78,periodic,1
379,3.79,periodic,1
380,3.8,periodic,1
381,3.81,periodic,1
382,3.82,periodic,1
383,3.83,periodic,1
384,3.84,periodic,1
385,3.85,periodic,1
386,3.86,periodic,1
387,3.87,periodic,1
388,3.88,periodic,1
389,3.89,periodic,1
390,3.9,periodic,1
391,3.91,periodic,1
392,3.92,periodic,1
393,3.93,periodic,1
394,3.94,periodic,1
395,3.95,periodic,1
396,3.96,periodic,1
397,3.97,periodic,1
398,3.98,periodic,1
399,3.99,periodic,1
400,4.0,periodic,1
401,4.01,periodic,1
402,4.02,periodic,1
403,4.03,periodic,1
404,4.04,periodic,1
405,4.05,periodic,1
406,4.06,periodic,1
407,4.07,periodic,1
408,4.08,periodic,1
409,4.09,periodic,1
410,4.1,periodic,1
411,4.11,periodic,1
412,4.12,periodic,1
413,4.13,periodic,1
414,4.14,periodic,1
415,4.15,periodic,1
416,4.16,periodic,1
417,4.17,periodic,1
418,4.18,periodic,1
419,4.19,periodic,1
420,4.2,periodic,1
421,4.21,periodic,1
422,4.22,periodic,1
423,4.23,periodic,1
424,4.24,periodic,1
425,4.25,periodic,1
426,4.26,periodic,1
427,4.27,periodic,1
428,4.28,periodic,1
429,4.29,periodic,1
430,4.3,periodic,1
431,4.31,periodic,1
432,4.32,periodic,1
433,4.33,periodic,1
434,4.34,periodic,1
435,4.35,periodic,1
436,4.36,periodic,1
437,4.37,periodic,1
438,4.38,periodic,1
439,4.39,periodic,1
440,4.4,periodic,1
441,4.41,periodic,1
442,4.42,periodic,1
443,4.43,periodic,1
444,4.44,periodic,1
445,4.45,periodic,1
446,4.46,periodic,1
447,4.47,periodic,1
448,4.48,periodic,1
449,4.49,periodic,1
450,4.5,periodic,1
451,4.51,periodic,1
452,4.52,periodic,1
453,4.53,periodic,1
454,4.54,periodic,1
455,4.55,periodic,1
456,4.56,periodic,1
457,4.57,periodic,1
458,4.58,periodic,1
459,4.59,periodic,1
460,4.6,periodic,1
461,4.61,periodic,1
462,4.62,periodic,1
463,4.63,periodic,1
464,4.64,periodic,1
465,4.65,periodic,1
466,4.66,periodic,1
467,4.67,periodic,1
468,4.68,periodic,1
469,4.69,periodic,1
470,4.7,periodic,1
471,4.71,periodic,1
472,4.72,periodic,1
473,4.73,periodic,1
474,4.74,periodic,1
475,4.75,periodic,1
476,4.76,periodic,1
477,4.77,periodic,1
478,4.78,periodic,1
479,4.79,periodic,1
480,4.8,periodic,1
481,4.81,periodic,1
482,4.82,periodic,1
483,4.83,periodic,1
484,4.84,periodic,1
485,4.85,periodic,1
486,4.86,periodic,1
487,4.87,periodic,1
488,4.88,periodic,1
489,4.89,periodic,1
490,4.9,periodic,1
491,4.91,periodic,2
492,4.92,periodic,2
493,4.93,periodic,2
494,4.94,periodic,2
495,4.95,periodic,2
496,4.96,periodic,2
497,4.97,periodic,2
498,4.98,periodic,2
499,4.99,periodic,2
500,5.0,periodic,2
501,5.01,periodic,2
502,5.02,periodic,2
503,5.03,periodic,2
504,5.04,periodic,2
505,5.05,periodic,2
506,5.06,periodic,2
507,5.07,periodic,2
508,5.08,periodic,2
509,5.09,periodic,2
510,5.1,periodic,2
511,5.11,periodic,2
512,5.12,periodic,2
513,5.13,periodic,2
514,5.14,periodic,2
515,5.15,periodic,2
516,5.16,periodic,2
517,5.17,periodic,2
518,5.18,periodic,2
519,5.19,periodic,2
520,5.2,periodic,2
521,5.21,periodic,2
522,5.22,periodic,2
523,5.23,periodic,2
524,5.24,periodic,2
525,5.25,periodic,2
526,5.26,periodic,2
527,5.27,periodic,2
528,5.28,periodic,2
529,5.29,periodic,2
530,5.3,periodic,2
531,5.31,periodic,2
532,5.32,periodic,2
533,5.33,periodic,2
534,5.34,periodic,2
535,5.35,periodic,2
536,5.36,periodic,2
537,5.37,periodic,2
538,5.38,periodic,2
539,5.39,periodic,2
540,5.4,periodic,2
541,5.41,periodic,2
542,5.42,periodic,2
543,5.43,periodic,2
544,5.44,periodic,2
545,5.45,periodic,2
546,5.46,periodic,2
547,5.47,periodic,2
548,5.48,periodic,2
549,5.49,periodic,2
550,5.5,periodic,2
551,5.51,periodic,2
552,5.52,periodic,2
553,5.53,periodic,2
554,5.54,periodic,2
555,5.55,periodic,2
556,5.56,periodic,2
557,5.57,periodic,2
558,5.58,periodic,2
559,5.59,periodic,2
560,5.6,periodic,2
561,5.61,periodic,2
562,5.62,periodic,2
563,5.63,periodic,2
564,5.64,periodic,2
565,5.65,periodic,2
566,5.66,periodic,2
567,5.67,periodic,2
568,5.68,periodic,2
569,5.69,periodic,2
570,5.7,periodic,2
571,5.71,periodic,2
572,5.72,periodic,2
573,5.73,periodic,2
574,5.74,periodic,2
575,5.75,periodic,2
576,5.76,periodic,2
577,5.77,periodic,2
578,5.78,periodic,2
579,5.79,periodic,2
580,5.8,periodic,2
581,5.81,periodic,2
582,5.82,periodic,2
583,5.83,periodic,2
584,5.84,periodic,2
585,5.85,periodic,2
586,5.86,periodic,2
587,5.87,periodic,2
588,5.88,periodic,2
589,5.89,periodic,2
590,5.9,periodic,2
591,5.91,periodic,2
592,5.92,periodic,2
593,5.93,periodic,2
594,5.94,periodic,2
595,5.95,periodic,2
596,5.96,periodic,2
597,5.97,periodic,3
598,5.98,periodic,3
599,5.99,periodic,3
600,6.0,periodic,3
601,6.01,periodic,3
602,6.02,periodic,3
603,6.03,periodic,3
604,6.04,periodic,3
605,6.05,periodic,3
606,6.06,periodic,3
607,6.07,periodic,3
608,6.08,periodic,3
609,6.09,periodic,3
610,6.1,periodic,3
611,6.11,periodic,3
612,6.12,periodic,3
613,6.13,periodic,3
614,6.14,periodic,3
615,6.15,periodic,3
616,6.16,periodic,3
617,6.17,periodic,3
618,6.18,periodic,3
619,6.19,periodic,3
620,6.2,periodic,3
621,6.21,periodic,3
622,6.22,periodic,3
623,6.23,periodic,3
624,6.24,periodic,3
625,6.25,periodic,3
626,6.26,periodic,3
627,6.27,periodic,3
628,6.28,periodic,3
629,6.29,periodic,3
630,6.3,periodic,3
631,6.31,periodic,3
632,6.32,periodic,3
633,6.33,periodic,3
634,6.34,periodic,3
635,6.35,periodic,3
636,6.36,periodic,3
637,6.37,periodic,3
638,6.38,periodic,3
639,6.39,periodic,3
640,6.4,periodic,3
641,6.41,periodic,3
642,6.42,periodic,3
643,6.43,periodic,3
644,6.44,periodic,3
645,6.45,periodic,3
646,6.46,periodic,3
647,6.47,periodic,3
648,6.48,periodic,3
649,6.49,periodic,3
650,6.5,periodic,3
651,6.51,periodic,3
652,6.52,periodic,3
653,6.53,periodic,3
654,6.54,periodic,3
655,6.55,periodic,3
656,6.56,periodic,3
657,6.57,periodic,3
658,6.58,periodic,3
659,6.59,periodic,3
660,6.6,periodic,3
661,6.61,periodic,3
662,6.62,periodic,3
663,6.63,periodic,3
664,6.64,periodic,3
665,6.65,periodic,3
666,6.66,periodic,3
667,6.67,periodic,3
668,6.68,periodic,3
669,6.69,periodic,3
670,6.7,periodic,3
671,6.71,periodic,3
672,6.72,periodic,3
673,6.73,periodic,3
674,6.74,periodic,3
675,6.75,periodic,3
676,6.76,periodic,3
677,6.77,periodic,3
678,6.78,periodic,3
679,6.79,periodic,3
680,6.8,periodic,3
681,6.81,periodic,3
682,6.82,periodic,3
683,6.83,periodic,3
684,6.84,periodic,3
685,6.85,periodic,3
686,6.86,periodic,3
687,6.87,periodic,3
688,6.88,periodic,3
689,6.89,periodic,3
690,6.9,periodic,3
691,6.91,periodic,3
692,6.92,periodic,3
693,6.93,periodic,3
694,6.94,periodic,3
695,6.95,periodic,3
696,6.96,periodic,3
697,6.97,periodic,3
698,6.98,periodic,3
699,6.99,periodic,3
700,7.0,periodic,3
701,7.01,periodic,3
702,7.02,periodic,3
703,7.03,periodic,3
704,7.04,periodic,3
705,7.05,periodic,3
706,7.06,periodic,3
707,7.07,periodic,4
708,7.08,periodic,4
709,7.09,periodic,4
710,7.1,periodic,4
711,7.11,periodic,4
712,7.12,periodic,4
713,7.13,periodic,4
714,7.14,periodic,4
715,7.15,periodic,4
716,7.16,periodic,4
717,7.17,periodic,4
718,7.18,periodic,4
719,7.19,periodic,4
720,7.2,periodic,4
721,7.21,periodic,4
722,7.22,periodic,4
723,7.23,periodic,4
724,7.24,periodic,4
725,7.25,periodic,4
726,7.26,periodic,4
727,7.27,periodic,4
728,7.28,periodic,4
729,7.29,periodic,4
730,7.3,periodic,4
731,7.31,periodic,4
732,7.32,periodic,4
733,7.33,periodic,4
734,7.34,periodic,4
735,7.35,periodic,4
736,7.36,periodic,4
737,7.37,periodic,4
738,7.38,periodic,4
739,7.39,periodic,4
740,7.4,periodic,4
741,7.41,periodic,4
742,7.42,periodic,4
743,7.43,periodic,4
744,7.44,periodic,4
745,7.45,periodic,4
746,7.46,periodic,4
747,7.47,periodic,4
748,7.48,periodic,4
749,7.49,periodic,4
750,7.5,periodic,4
751,7.51,periodic,4
752,7.52,periodic,4
753,7.53,periodic,4
754,7.54,periodic,4
755,7.55,periodic,4
756,7.56,periodic,4
757,7.57,periodic,4
758,7.58,periodic,4
759,7.59,periodic,4
760,7.6,periodic,4
761,7.61,periodic,4
762,7.62,periodic,4
763,7.63,periodic,4
764,7.64,periodic,4
765,7.65,periodic,4
766,7.66,periodic,4
767,7.67,periodic,4
768,7.68,periodic,4
769,7.69,periodic,4
770,7.7,periodic,4
771,7.71,periodic,4
772,7.72,periodic,4
773,7.73,periodic,4
774,7.74,periodic,4
775,7.75,periodic,4
776,7.76,periodic,4
777,7.77,periodic,4
778,7.78,periodic,4
779,7.79,periodic,4
780,7.8,periodic,4
781,7.81,periodic,4
782,7.82,periodic,4
783,7.83,periodic,4
784,7.84,periodic,4
785,7.85,periodic,4
786,7.86,periodic,4
787,7.87,periodic,4
788,7.88,periodic,4
789,7.89,periodic,4
790,7.9,periodic,4
791,7.91,periodic,4
792,7.92,periodic,4
793,7.93,periodic,4
794,7.94,periodic,4
795,7.95,periodic,4
796,7.96,periodic,4
797,7.97,periodic,4
798,7.98,periodic,4
799,7.99,periodic,4
800,8.0,periodic,4
801,8.01,periodic,4
802,8.02,periodic,4
803,8.03,periodic,4
804,8.04,periodic,4
805,8.05,periodic,4
806,8.06,periodic,4
807,8.07,periodic,4
808,8.08,periodic,4
809,8.09,periodic,4
810,8.1,periodic,5
811,8.11,periodic,5
812,8.12,periodic,5
813,8.13,periodic,5
814,8.14,periodic,5
815,8.15,periodic,5
816,8.16,periodic,5
817,8.17,periodic,5
818,8.18,periodic,5
819,8.19,periodic,5
820,8.2,periodic,5
821,8.21,periodic,5
822,8.22,periodic,5
823,8.23,periodic,5
824,8.24,periodic,5
825,8.25,periodic,5
826,8.26,periodic,5
827,8.27,periodic,5
828,8.28,periodic,5
829,8.29,periodic,5
830,8.3,periodic,5
831,8.31,periodic,5
832,8.32,periodic,5
833,8.33,periodic,5
834,8.34,periodic,5
835,8.35,periodic,5
836,8.36,periodic,5
837,8.37,periodic,5
838,8.38,periodic,5
839,8.39,periodic,5
840,8.4,periodic,5
841,8.41,periodic,5
842,8.42,periodic,5
843,8.43,periodic,5
844,8.44,periodic,5
845,8.45,periodic,5
846,8.46,periodic,5
847,8.47,periodic,5
848,8.48,periodic,5
849,8.49,periodic,5
850,8.5,periodic,5
851,8.51,periodic,5
852,8.52,periodic,5
853,8.53,periodic,5
854,8.54,periodic,5
855,8.55,periodic,5
856,8.56,periodic,5
857,8.57,periodic,5
858,8.58,periodic,5
859,8.59,periodic,5
860,8.6,periodic,5
861,8.61,periodic,5
862,8.62,periodic,5
863,8.63,periodic,5
864,8.64,periodic,5
865,8.65,periodic,5
866,8.66,periodic,5
867,8.67,periodic,5
868,8.68,periodic,5
869,8.69,periodic,5
870,8.7,periodic,5
871,8.71,periodic,5
872,8.72,periodic,5
873,8.73,periodic,5
874,8.74,periodic,5
875,8.75,periodic,5
876,8.76,periodic,5
877,8.77,periodic,5
878,8.78,periodic,5
879,8.79,periodic,5
880,8.8,periodic,5
881,8.81,periodic,5
882,8.82,periodic,5
883,8.83,periodic,5
884,8.84,periodic,5
885,8.85,periodic,5
886,8.86,periodic,5
887,8.87,periodic,5
888,8.88,periodic,5
889,8.89,periodic,5
890,8.9,periodic,5
891,8.91,periodic,5
892,8.92,periodic,5
893,8.93,periodic,5
894,8.94,periodic,5
895,8.95,periodic,5
896,8.96,periodic,5
897,8.97,periodic,5
898,8.98,periodic,5
899,8.99,periodic,5
900,9.0,periodic,5
901,9.01,periodic,5
902,9.02,periodic,5
903,9.03,periodic,5
904,9.04,periodic,5
905,9.05,periodic,5
906,9.06,periodic,5
907,9.07,periodic,5
908,9.08,periodic,5
909,9.09,periodic,5
910,9.1,periodic,5
911,9.11,periodic,5
912,9.12,periodic,5
913,9.13,periodic,5
914,9.14,periodic,5
915,9.15,periodic,5
916,9.16,periodic,5
917,9.17,periodic,5
918,9.18,periodic,5
919,9.19,periodic,6
920,9.2,periodic,6
921,9.21,periodic,6
922,9.22,periodic,6
923,9.23,periodic,6
924,9.24,periodic,6
925,9.25,periodic,6
926,9.26,periodic,6
927,9.27,periodic,6
928,9.28,periodic,6
929,9.29,periodic,6
930,9.3,periodic,6
931,9.31,periodic,6
932,9.32,periodic,6
933,9.33,periodic,6
934,9.34,periodic,6
935,9.35,periodic,6
936,9.36,periodic,6
937,9.37,periodic,6
938,9.38,periodic,6
939,9.39,periodic,6
940,9.4,periodic,6
941,9.41,periodic,6
942,9.42,periodic,6
943,9.43,periodic,6
944,9.44,periodic,6
945,9.45,periodic,6
946,9.46,periodic,6
947,9.47,periodic,6
948,9.48,periodic,6
949,9.49,periodic,6
950,9.5,periodic,6
951,9.51,periodic,6
952,9.52,periodic,6
953,9.53,periodic,6
954,9.54,periodic,6
955,9.55,periodic,6
956,9.56,periodic,6
957,9.57,periodic,6
958,9.58,periodic,6
959,9.59,periodic,6
960,9.6,periodic,6
961,9.61,periodic,6
962,9.62,periodic,6
963,9.63,periodic,6
964,9.64,periodic,6
965,9.65,periodic,6
966,9.66,periodic,6
967,9.67,periodic,6
968,9.68,periodic,6
969,9.69,periodic,6
970,9.7,periodic,6
971,9.71,periodic,6
972,9.72,periodic,6
973,9.73,periodic,6
974,9.74,periodic,6
975,9.75,periodic,6
976,9.76,periodic,6
977,9.77,periodic,6
978,9.78,periodic,6
979,9.79,periodic,6
980,9.8,periodic,6
981,9.81,periodic,6
982,9.82,periodic,6
983,9.83,periodic,6
984,9.84,periodic,6
985,9.85,periodic,6
986,9.86,periodic,6
987,9.87,periodic,6
988,9.88,periodic,6
989,9.89,periodic,6
990,9.9,periodic,6
991,9.91,periodic,6
992,9.92,periodic,6
993,9.93,periodic,6
994,9.94,periodic,6
995,9.95,periodic,6
996,9.96,periodic,6
997,9.97,periodic,6
998,9.98,periodic,6
999,9.99,periodic,6
1000,10.0,periodic,6
1001,10.01,periodic,6
1002,10.02,periodic,6
1003,10.03,periodic,6
1004,10.04,periodic,6
1005,10.05,periodic,6
1006,10.06,periodic,6
1007,10.07,periodic,6
1008,10.08,periodic,6
1009,10.09,periodic,6
1010,10.1,periodic,6
1011,10.11,periodic,6
1012,10.12,periodic,6
1013,10.13,periodic,6
1014,10.14,periodic,6
1015,10.15,periodic,6
1016,10.16,periodic,6
1017,10.17,periodic,6
1018,10.18,periodic,6
1019,10.19,periodic,6
1020,10.2,periodic,6
1021,10.21,periodic,6
1022,10.22,periodic,6
1023,10.23,periodic,6
1024,10.24,periodic,6
1025,10.25,periodic,6
1026,10.26,periodic,7
1027,10.27,periodic,7
1028,10.28,periodic,7
1029,10.29,periodic,7
1030,10.3,periodic,7
1031,10.31,periodic,7
1032,10.32,periodic,7
1033,10.33,periodic,7
1034,10.34,periodic,7
1035,10.35,periodic,7
1036,10.36,periodic,7
1037,10.37,periodic,7
1038,10.38,periodic,7
1039,10.39,periodic,7
1040,10.4,periodic,7
1041,10.41,periodic,7
1042,10.42,periodic,7
1043,10.43,periodic,7
1044,10.44,periodic,7
1045,10.45,periodic,7
1046,10.46,periodic,7
1047,10.47,periodic,7
1048,10.48,periodic,7
1049,10.49,periodic,7
1050,10.5,periodic,7
1051,10.51,periodic,7
1052,10.52,periodic,7
1053,10.53,periodic,7
1054,10.54,periodic,7
1055,10.55,periodic,7
1056,10.56,periodic,7
1057,10.57,periodic,7
1058,10.58,periodic,7
1059,10.59,periodic,7
1060,10.6,periodic,7
1061,10.61,periodic,7
1062,10.62,periodic,7
1063,10.63,periodic,7
1064,10.64,periodic,7
1065,10.65,periodic,7
1066,10.66,periodic,7
1067,10.67,periodic,7
1068,10.68,periodic,7
1069,10.69,periodic,7
1070,10.7,periodic,7
1071,10.71,periodic,7
1072,10.72,periodic,7
1073,10.73,periodic,7
1074,10.74,periodic,7
1075,10.75,periodic,7
1076,10.76,periodic,7
1077,10.77,periodic,7
1078,10.78,periodic,7
1079,10.79,periodic,7
1080,10.8,periodic,7
1081,10.81,periodic,7
1082,10.82,periodic,7
1083,10.83,periodic,7
1084,10.84,periodic,7
1085,10.85,periodic,7
1086,10.86,periodic,7
1087,10.87,periodic,7
1088,10.88,periodic,7
1089,10.89,periodic,7
1090,10.9,periodic,7
1091,10.91,periodic,7
1092,10.92,periodic,7
1093,10.93,periodic,7
1094,10.94,periodic,7
1095,10.95,periodic,7
1096,10.96,periodic,7
1097,10.97,periodic,7
1098,10.98,periodic,7
1099,10.99,periodic,7
1100,11.0,periodic,7
1101,11.01,periodic,7
1102,11.02,periodic,7
1103,11.03,periodic,7
1104,11.04,periodic,7
1105,11.05,periodic,7
1106,11.06,periodic,7
1107,11.07,periodic,7
1108,11.08,periodic,7
1109,11.09,periodic,7
1110,11.1,periodic,7
1111,11.11,periodic,7
1112,11.12,periodic,7
1113,11.13,periodic,7
1114,11.14,periodic,7
1115,11.15,periodic,7
1116,11.16,periodic,7
1117,11.17,periodic,7
1118,11.18,periodic,7
1119,11.19,periodic,7
1120,11.2,periodic,7
1121,11.21,periodic,7
1122,11.22,periodic,7
1123,11.23,periodic,7
1124,11.24,periodic,7
1125,11.25,periodic,7
1126,11.26,periodic,7
1127,11.27,periodic,7
1128,11.28,periodic,7
1129,11.29,periodic,7
1130,11.3,periodic,7
1131,11.31,periodic,7
1132,11.32,periodic,7
1133,11.33,periodic,7
1134,11.34,periodic,7
1135,11.35,periodic,7
1136,11.36,periodic,8
1137,11.37,periodic,8
1138,11.38,periodic,8
1139,11.39,periodic,8
1140,11.4,periodic,8
1141,11.41,periodic,8
1142,11.42,periodic,8
1143,11.43,periodic,8
1144,11.44,periodic,8
1145,11.45,periodic,8
1146,11.46,periodic,8
1147,11.47,periodic,8
1148,11.48,periodic,8
1149,11.49,periodic,8
1150,11.5,periodic,8
1151,11.51,periodic,8
1152,11.52,periodic,8
1153,11.53,periodic,8
1154,11.54,periodic,8
1155,11.55,periodic,8
1156,11.56,periodic,8
1157,11.57,periodic,8
1158,11.58,periodic,8
1159,11.59,periodic,8
1160,11.6,periodic,8
1161,11.61,periodic,8
1162,11.62,periodic,8
1163,11.63,periodic,8
1164,11.64,periodic,8
1165,11.65,periodic,8
1166,11.66,periodic,8
1167,11.67,periodic,8
1168,11.68,periodic,8
1169,11.69,periodic,8
1170,11.7,periodic,8
1171,11.71,periodic,8
1172,11.72,periodic,8
1173,11.73,periodic,8
1174,11.74,periodic,8
1175,11.75,periodic,8
1176,11.76,periodic,8
1177,11.77,periodic,8
1178,11.78,periodic,8
1179,11.79,periodic,8
1180,11.8,periodic,8
1181,11.81,periodic,8
1182,11.82,periodic,8
1183,11.83,periodic,8
1184,11.84,periodic,8
1185,11.85,periodic,8
1186,11.86,periodic,8
1187,11.87,periodic,8
1188,11.88,periodic,8
1189,11.89,periodic,8
1190,11.9,periodic,8
1191,11.91,periodic,8
1192,11.92,periodic,8
1193,11.93,periodic,8
1194,11.94,periodic,8
1195,11.95,periodic,8
1196,11.96,periodic,8
1197,11.97,periodic,8
1198,11.98,periodic,8
1199,11.99,periodic,8
1200,12.0,periodic,8
1201,12.01,periodic,8
1202,12.02,periodic,8
1203,12.03,periodic,8
1204,12.04,periodic,8
1205,12.05,periodic,8
1206,12.06,periodic,8
1207,12.07,periodic,8
1208,12.08,periodic,8
1209,12.09,periodic,8
1210,12.1,periodic,8
1211,12.11,periodic,8
1212,12.12,periodic,8
1213,12.13,periodic,8
1214,12.14,periodic,8
1215,12.15,periodic,8
1216,12.16,periodic,8
1217,12.17,periodic,8
1218,12.18,periodic,8
1219,12.19,periodic,8
1220,12.2,periodic,8
1221,12.21,periodic,8
1222,12.22,periodic,8
1223,12.23,periodic,8
1224,12.24,periodic,8
1225,12.25,periodic,8
1226,12.26,periodic,8
1227,12.27,periodic,8
1228,12.28,periodic,8
1229,12.29,periodic,8
1230,12.3,periodic,8
1231,12.31,periodic,8
1232,12.32,periodic,8
1233,12.33,periodic,8
1234,12.34,periodic,8
1235,12.35,periodic,8
1236,12.36,periodic,8
1237,12.37,periodic,8
1238,12.38,periodic,8
1239,12.39,periodic,8
1240,12.4,periodic,8
1241,12.41,periodic,8
1242,12.42,periodic,8
1243,12.43,periodic,9
1244,12.44,periodic,9
1245,12.45,periodic,9
1246,12.46,periodic,9
1247,12.47,periodic,9
1248,12.48,periodic,9
1249,12.49,periodic,9
1250,12.5,periodic,9
1251,12.51,periodic,9
1252,12.52,periodic,9
1253,12.53,periodic,9
1254,12.54,periodic,9
1255,12.55,periodic,9
1256,12.56,periodic,9
1257,12.57,periodic,9
1258,12.58,periodic,9
1259,12.59,periodic,9
1260,12.6,periodic,9
1261,12.61,periodic,9
1262,12.62,periodic,9
1263,12.63,periodic,9
1264,12.64,periodic,9
1265,12.65,periodic,9
1266,12.66,periodic,9
1267,12.67,periodic,9
1268,12.68,periodic,9
1269,12.69,periodic,9
1270,12.7,periodic,9
1271,12.71,periodic,9
1272,12.72,periodic,9
1273,12.73,periodic,9
1274,12.74,periodic,9
1275,12.75,periodic,9
1276,12.76,periodic,9
1277,12.77,periodic,9
1278,12.78,periodic,9
1279,12.79,periodic,9
1280,12.8,periodic,9
1281,12.81,periodic,9
1282,12.82,periodic,9
1283,12.83,periodic,9
1284,12.84,periodic,9
1285,12.85,periodic,9
1286,12.86,periodic,9
1287,12.87,periodic,9
1288,12.88,periodic,9
1289,12.89,periodic,9
1290,12.9,periodic,9
1291,12.91,periodic,9
1292,12.92,periodic,9
1293,12.93,periodic,9
1294,12.94,periodic,9
1295,12.95,periodic,9
1296,12.96,periodic,9
1297,12.97,periodic,9
1298,12.98,periodic,9
1299,12.99,periodic,9
1300,13.0,periodic,9
1301,13.01,periodic,9
1302,13.02,periodic,9
1303,13.03,periodic,9
1304,13.04,periodic,9
1305,13.05,periodic,9
1306,13.06,periodic,9
1307,13.07,periodic,9
1308,13.08,periodic,9
1309,13.09,periodic,9
1310,13.1,periodic,9
1311,13.11,periodic,9
1312,13.12,periodic,9
1313,13.13,periodic,9
1314,13.14,periodic,9
1315,13.15,periodic,9
1316,13.16,periodic,9
1317,13.17,periodic,9
1318,13.18,periodic,9
1319,13.19,periodic,9
1320,13.2,periodic,9
1321,13.21,periodic,9
1322,13.22,periodic,9
1323,13.23,periodic,9
1324,13.24,periodic,9
1325,13.25,periodic,9
1326,13.26,periodic,9
1327,13.27,periodic,9
1328,13.28,periodic,9
1329,13.29,periodic,9
1330,13.3,periodic,9
1331,13.31,periodic,9
1332,13.32,periodic,9
1333,13.33,periodic,9
1334,13.34,periodic,9
1335,13.35,periodic,9
1336,13.36,periodic,9
1337,13.37,periodic,9
1338,13.38,periodic,9
1339,13.39,periodic,9
1340,13.4,periodic,9
1341,13.41,periodic,9
1342,13.42,periodic,9
1343,13.43,periodic,9
1344,13.44,periodic,9
1345,13.45,periodic,9
1346,13.46,periodic,9
1347,13.47,periodic,9
1348,13.48,periodic,9
1349,13.49,periodic,9
1350,13.5,periodic,9
1351,13.51,periodic,9
1352,13.52,periodic,9
1353,13.53,periodic,10
1354,13.54,periodic,10
1355,13.55,periodic,10
1356,13.56,periodic,10
1357,13.57,periodic,10
1358,13.58,periodic,10
1359,13.59,periodic,10
1360,13.6,periodic,10
1361,13.61,periodic,10
1362,13.62,periodic,10
1363,13.63,periodic,10
1364,13.64,periodic,10
1365,13.65,periodic,10
1366,13.66,periodic,10
1367,13.67,periodic,10
1368,13.68,periodic,10
1369,13.69,periodic,10
1370,13.7,periodic,10
1371,13.71,periodic,10
1372,13.72,periodic,10
1373,13.73,periodic,10
1374,13.74,periodic,10
1375,13.75,periodic,10
1376,13.76,periodic,10
1377,13.77,periodic,10
1378,13.78,periodic,10
1379,13.79,periodic,10
1380,13.8,periodic,10
1381,13.81,periodic,10
1382,13.82,periodic,10
1383,13.83,periodic,10
1384,13.84,periodic,10
1385,13.85,periodic,10
1386,13.86,periodic,10
1387,13.87,periodic,10
1388,13.88,periodic,10
1389,13.89,periodic,10
1390,13.9,periodic,10
1391,13.91,periodic,10
1392,13.92,periodic,10
1393,13.93,periodic,10
1394,13.94,periodic,10
1395,13.95,periodic,10
1396,13.96,periodic,10
1397,13.97,periodic,10
1398,13.98,periodic,10
1399,13.99,periodic,10
1400,14.0,periodic,10
1401,14.01,periodic,10
1402,14.02,periodic,10
1403,14.03,periodic,10
1404,14.04,periodic,10
1405,14.05,periodic,10
1406,14.06,periodic,10
1407,14.07,periodic,10
1408,14.08,periodic,10
1409,14.09,periodic,10
1410,14.1,periodic,10
1411,14.11,periodic,10
1412,14.12,periodic,10
1413,14.13,periodic,10
1414,14.14,periodic,10
1415,14.15,periodic,10
1416,14.16,periodic,10
1417,14.17,periodic,10
1418,14.18,periodic,10
1419,14.19,periodic,10
1420,14.2,periodic,10
1421,14.21,periodic,10
1422,14.22,periodic,10
1423,14.23,periodic,10
1424,14.24,periodic,10
1425,14.25,periodic,10
1426,14.26,periodic,10
1427,14.27,periodic,10
1428,14.28,periodic,10
1429,14.29,periodic,10
1430,14.3,periodic,10
1431,14.31,periodic,10
1432,14.32,periodic,10
1433,14.33,periodic,10
1434,14.34,periodic,10
1435,14.35,periodic,10
1436,14.36,periodic,10
1437,14.37,periodic,10
1438,14.38,periodic,10
1439,14.39,periodic,10
1440,14.4,periodic,10
1441,14.41,periodic,10
1442,14.42,periodic,10
1443,14.43,periodic,10
1444,14.44,periodic,10
1445,14.45,periodic,10
1446,14.46,periodic,10
1447,14.47,periodic,10
1448,14.48,periodic,10
1449,14.49,periodic,10
1450,14.5,periodic,10
1451,14.51,periodic,10
1452,14.52,periodic,10
1453,14.53,periodic,10
1454,14.54,periodic,10
1455,14.55,periodic,10
1456,14.56,periodic,10
1457,14.57,periodic,10
1458,14.58,periodic,10
1459,14.59,periodic,10
1460,14.6,periodic,10
1461,14.61,periodic,10
1462,14.62,periodic,10
1463,14.63,periodic,10
1464,14.64,periodic,10
1465,14.65,periodic,10
1466,14.66,periodic,10
1467,14.67,periodic,10
1468,14.68,periodic,10
1469,14.69,periodic,10
1470,14.7,periodic,10
1471,14.71,periodic,10
1472,14.72,periodic,10
1473,14.73,periodic,10
1474,14.74,periodic,10
1475,14.75,periodic,10
1476,14.76,periodic,10
1477,14.77,periodic,10
1478,14.78,periodic,10
1479,14.79,periodic,10
1480,14.8,periodic,10
1481,14.81,periodic,10
1482,14.82,periodic,10
1483,14.83,periodic,10
1484,14.84,periodic,10
1485,14.85,periodic,10
1486,14.86,periodic,10
1487,14.87,periodic,10
1488,14.88,periodic,10
1489,14.89,periodic,10
1490,14.9,periodic,10
1491,14.91,periodic,10
1492,14.92,periodic,10
1493,14.93,periodic,10
1494,14.94,periodic,-1
1495,14.95,periodic,-1
1496,14.96,periodic,-1
1497,14.97,periodic,-1
1498,14.98,periodic,-1
1499,14.99,periodic,-1
1500,15.0,periodic,-1
1501,15.01,periodic,-1
1502,15.02,periodic,-1
1503,15.03,periodic,-1
1504,15.04,periodic,-1
1505,15.05,periodic,-1
1506,15.06,periodic,-1
1507,15.07,periodic,-1
1508,15.08,periodic,-1
1509,15.09,periodic,-1
1510,15.1,periodic,-1
1511,15.11,periodic,-1
1512,15.12,periodic,-1
1513,15.13,periodic,-1
1514,15.14,periodic,-1
1515,15.15,periodic,-1
1516,15.16,periodic,-1
1517,15.17,periodic,-1
1518,15.18,periodic,-1
1519,15.19,periodic,-1
1520,15.2,periodic,-1
1521,15.21,periodic,-1
1522,15.22,periodic,-1
1523,15.23,periodic,-1
1524,15.24,periodic,-1
1525,15.25,periodic,-1
1526,15.26,periodic,-1
1527,15.27,periodic,-1
1528,15.28,periodic,-1
1529,15.29,periodic,-1
1530,15.3,periodic,-1
1531,15.31,periodic,-1
1532,15.32,periodic,-1
1533,15.33,periodic,-1
1534,15.34,periodic,-1
1535,15.35,periodic,-1
1536,15.36,periodic,-1
1537,15.37,periodic,-1
1538,15.38,periodic,-1
1539,15.39,periodic,-1
1540,15.4,periodic,-1
1541,15.41,periodic,-1
1542,15.42,periodic,-1
1543,15.43,periodic,-1
1544,15.44,periodic,-1
1545,15.45,periodic,-1
1546,15.46,periodic,-1
1547,15.47,periodic,-1
1548,15.48,periodic,-1
1549,15.49,periodic,-1
1550,15.5,periodic,-1
1551,15.51,periodic,-1
1552,15.52,periodic,-1
1553,15.53,periodic,-1
1554,15.54,periodic,-1
1555,15.55,periodic,-1
1556,15.56,periodic,-1
1557,15.57,periodic,-1
1558,15.58,periodic,-1
1559,15.59,periodic,-1
1560,15.6,end_transient,-1
1561,15.61,end_transient,-1
1562,15.62,end_transient,-1
1563,15.63,end_transient,-1
1564,15.64,end_transient,-1
1565,15.65,end_transient,-1
1566,15.66,end_transient,-1
1567,15.67,end_transient,-1
1568,15.68,end_transient,-1
1569,15.69,end_transient,-1
1570,15.7,end_transient,-1
1571,15.71,end_transient,-1
1572,15.72,end_transient,-1
1573,15.73,end_transient,-1
1574,15.74,end_transient,-1
1575,15.75,end_transient,-1
1576,15.76,end_transient,-1
1577,15.77,end_transient,-1
1578,15.78,end_transient,-1
1579,15.79,end_transient,-1
1580,15.8,end_transient,-1
1581,15.81,end_transient,-1
1582,15.82,end_transient,-1
1583,15.83,end_transient,-1
1584,15.84,end_transient,-1
1585,15.85,end_transient,-1
1586,15.86,end_transient,-1
1587,15.87,end_transient,-1
1588,15.88,end_transient,-1
1589,15.89,end_transient,-1
1590,15.9,end_transient,-1
1591,15.91,end_transient,-1
1592,15.92,end_transient,-1
1593,15.93,end_transient,-1
1594,15.94,end_transient,-1
1595,15.95,end_transient,-1
1596,15.96,end_transient,-1
1597,15.97,end_transient,-1
1598,15.98,end_transient,-1
1599,15.99,end_transient,-1
1600,16.0,end_transient,-1
1601,16.01,end_transient,-1
1602,16.02,end_transient,-1
1603,16.03,end_transient,-1
1604,16.04,end_transient,-1
1605,16.05,end_transient,-1
1606,16.06,end_transient,-1
1607,16.07,end_transient,-1
1608,16.08,end_transient,-1
1609,16.09,end_transient,-1
1610,16.1,end_transient,-1
1611,16.11,end_transient,-1
1612,16.12,end_transient,-1
1613,16.13,end_transient,-1
1614,16.14,end_transient,-1
1615,16.15,end_transient,-1
1616,16.16,end_transient,-1
1617,16.17,end_transient,-1
1618,16.18,end_transient,-1
1619,16.19,end_transient,-1
1620,16.2,end_transient,-1
1621,16.21,end_transient,-1
1622,16.22,end_transient,-1
1623,16.23,end_transient,-1
1624,16.24,end_transient,-1
1625,16.25,end_transient,-1
1626,16.26,end_transient,-1
1627,16.27,end_transient,-1
1628,16.28,end_transient,-1
1629,16.29,end_transient,-1
1630,16.3,end_transient,-1
1631,16.31,end_transient,-1
1632,16.32,end_transient,-1
1633,16.33,end_transient,-1
1634,16.34,end_transient,-1
1635,16.35,end_transient,-1
1636,16.36,end_transient,-1
1637,16.37,end_transient,-1
1638,16.38,end_transient,-1
1639,16.39,end_transient,-1
1640,16.4,end_transient,-1
1641,16.41,end_transient,-1
1642,16.42,end_transient,-1
1643,16.43,end_transient,-1
1644,16.44,end_transient,-1
1645,16.45,end_transient,-1
1646,16.46,end_transient,-1
1647,16.47,end_transient,-1
1648,16.48,end_transient,-1
1649,16.49,end_transient,-1
1650,16.5,end_transient,-1
1651,16.51,end_transient,-1
1652,16.52,end_transient,-1
1653,16.53,end_transient,-1
1654,16.54,end_transient,-1
1655,16.55,end_transient,-1
1656,16.56,end_transient,-1
1657,16.57,end_transient,-1
1658,16.58,end_transient,-1
1659,16.59,end_transient,-1
1660,16.6,end_transient,-1
1661,16.61,end_transient,-1
1662,16.62,end_transient,-1
1663,16.63,end_transient,-1
1664,16.64,end_transient,-1
1665,16.65,end_transient,-1
1666,16.66,end_transient,-1
1667,16.67,end_transient,-1
1668,16.68,end_transient,-1
1669,16.69,end_transient,-1
1670,16.7,end_transient,-1
1671,16.71,end_transient,-1
1672,16.72,end_transient,-1
1673,16.73,end_transient,-1
1674,16.74,end_transient,-1
1675,16.75,end_transient,-1
1676,16.76,end_transient,-1
1677,16.77,end_transient,-1
1678,16.78,end_transient,-1
1679,16.79,end_transient,-1
1680,16.8,end_transient,-1
1681,16.81,end_transient,-1
1682,16.82,end_transient,-1
1683,16.83,end_transient,-1
1684,16.84,end_transient,-1
1685,16.85,end_transient,-1
1686,16.86,end_transient,-1
1687,16.87,end_transient,-1
1688,16.88,end_transient,-1
1689,16.89,end_transient,-1
1690,16.9,end_transient,-1
1691,16.91,end_transient,-1
1692,16.92,end_transient,-1
1693,16.93,end_transient,-1
1694,16.94,end_transient,-1
1695,16.95,end_transient,-1
1696,16.96,end_transient,-1
1697,16.97,end_transient,-1
1698,16.98,end_transient,-1
1699,16.99,end_transient,-1
1700,17.0,end_transient,-1
1701,17.01,end_transient,-1
1702,17.02,end_transient,-1
1703,17.03,end_transient,-1
1704,17.04,end_transient,-1
1705,17.05,end_transient,-1
1706,17.06,end_transient,-1
1707,17.07,end_transient,-1
1708,17.08,end_transient,-1
1709,17.09,end_transient,-1
1710,17.1,end_transient,-1
1711,17.11,end_transient,-1
1712,17.12,end_transient,-1
1713,17.13,end_transient,-1
1714,17.14,end_transient,-1
1715,17.15,end_transient,-1
1716,17.16,end_transient,-1
1717,17.17,end_transient,-1
1718,17.18,end_transient,-1
1719,17.19,end_transient,-1
1720,17.2,end_transient,-1
1721,17.21,end_transient,-1
1722,17.22,end_transient,-1
1723,17.23,end_transient,-1
1724,17.24,end_transient,-1
1725,17.25,end_transient,-1
1726,17.26,end_transient,-1
1727,17.27,end_transient,-1
1728,17.28,end_transient,-1
1729,17.29,end_transient,-1
1730,17.3,end_transient,-1
1731,17.31,end_transient,-1
1732,17.32,end_transient,-1
1733,17.33,end_transient,-1
1734,17.34,end_transient,-1
1735,17.35,end_transient,-1
1736,17.36,end_transient,-1
1737,17.37,end_transient,-1
1738,17.38,end_transient,-1
1739,17.39,end_transient,-1
1740,17.4,end_transient,-1
1741,17.41,end_transient,-1
1742,17.42,end_transient,-1
1743,17.43,end_transient,-1
1744,17.44,end_transient,-1
1745,17.45,end_transient,-1
1746,17.46,end_transient,-1
1747,17.47,end_transient,-1
1748,17.48,end_transient,-1
1749,17.49,end_transient,-1
1750,17.5,end_transient,-1
1751,17.51,end_transient,-1
1752,17.52,end_transient,-1
1753,17.53,end_transient,-1
1754,17.54,end_transient,-1
1755,17.55,end_transient,-1
1756,17.56,end_transient,-1
1757,17.57,end_transient,-1
1758,17.58,end_transient,-1
1759,17.59,end_transient,-1
1760,17.6,end_transient,-1
1761,17.61,end_transient,-1
1762,17.62,end_transient,-1
1763,17.63,end_transient,-1
1764,17.64,end_transient,-1
1765,17.65,end_transient,-1
1766,17.66,end_transient,-1
1767,17.67,end_transient,-1
1768,17.68,end_transient,-1
1769,17.69,end_transient,-1
1770,17.7,end_transient,-1
1771,17.71,end_transient,-1
1772,17.72,end_transient,-1
1773,17.73,end_transient,-1
1774,17.74,end_transient,-1
1775,17.75,end_transient,-1
1776,17.76,end_transient,-1
1777,17.77,end_transient,-1
1778,17.78,end_transient,-1
1779,17.79,end_transient,-1
1780,17.8,end_transient,-1
1781,17.81,end_transient,-1
1782,17.82,end_transient,-1
1783,17.83,end_transient,-1
1784,17.84,end_transient,-1
1785,17.85,end_transient,-1
1786,17.86,end_transient,-1
1787,17.87,end_transient,-1
1788,17.88,end_transient,-1
1789,17.89,end_transient,-1
1790,17.9,end_transient,-1
1791,17.91,end_transient,-1
1792,17.92,end_transient,-1
1793,17.93,end_transient,-1
1794,17.94,end_transient,-1
1795,17.95,end_transient,-1
1796,17.96,end_transient,-1
1797,17.97,end_transient,-1
1798,17.98,end_transient,-1
1799,17.99,end_transient,-1
1800,18.0,end_transient,-1
1801,18.01,end_transient,-1
1802,18.02,end_transient,-1
1803,18.03,end_transient,-1
1804,18.04,end_transient,-1
1805,18.05,end_transient,-1
1806,18.06,end_transient,-1
1807,18.07,end_transient,-1
1808,18.08,end_transient,-1
1809,18.09,end_transient,-1
1810,18.1,end_transient,-1
1811,18.11,end_transient,-1
1812,18.12,end_transient,-1
1813,18.13,end_transient,-1
1814,18.14,end_transient,-1
1815,18.15,end_transient,-1
1816,18.16,end_transient,-1
1817,18.17,end_transient,-1
1818,18.18,end_transient,-1
1819,18.19,end_transient,-1
1820,18.2,end_transient,-1
1821,18.21,end_transient,-1
1822,18.22,end_transient,-1
1823,18.23,end_transient,-1
1824,18.24,end_transient,-1
1825,18.25,end_transient,-1
1826,18.26,end_transient,-1
1827,18.27,end_transient,-1
1828,18.28,end_transient,-1
1829,18.29,end_transient,-1
1830,18.3,end_transient,-1
1831,18.31,end_transient,-1
1832,18.32,end_transient,-1
1833,18.33,end_transient,-1
1834,18.34,end_transient,-1
1835,18.35,end_transient,-1
1836,18.36,end_transient,-1
1837,18.37,end_transient,-1
1838,18.38,end_transient,-1
1839,18.39,end_transient,-1
1840,18.4,end_transient,-1
1841,18.41,end_transient,-1
1842,18.42,end_transient,-1
1843,18.43,end_transient,-1
1844,18.44,end_transient,-1
1845,18.45,end_transient,-1
1846,18.46,end_transient,-1
1847,18.47,end_transient,-1
1848,18.48,end_transient,-1
1849,18.49,end_transient,-1
1850,18.5,end_transient,-1
1851,18.51,end_transient,-1
1852,18.52,end_transient,-1
1853,18.53,end_transient,-1
1854,18.54,end_transient,-1
1855,18.55,end_transient,-1
1856,18.56,end_transient,-1
1857,18.57,end_transient,-1
1858,18.58,end_transient,-1
1859,18.59,end_transient,-1
1860,18.6,end_transient,-1
1861,18.61,end_transient,-1
1862,18.62,end_transient,-1
1863,18.63,end_transient,-1
1864,18.64,end_transient,-1
1865,18.65,end_transient,-1
1866,18.66,end_transient,-1
1867,18.67,end_transient,-1
1868,18.68,end_transient,-1
1869,18.69,end_transient,-1
1870,18.7,end_transient,-1
1871,18.71,end_transient,-1
1872,18.72,end_transient,-1
1873,18.73,end_transient,-1
1874,18.74,end_transient,-1
1875,18.75,end_transient,-1
1876,18.76,end_transient,-1
1877,18.77,end_transient,-1
1878,18.78,end_transient,-1
1879,18.79,end_transient,-1
1880,18.8,end_transient,-1
1881,18.81,end_transient,-1
1882,18.82,end_transient,-1
1883,18.83,end_transient,-1
1884,18.84,end_transient,-1
1885,18.85,end_transient,-1
1886,18.86,end_transient,-1
1887,18.87,end_transient,-1
1888,18.88,end_transient,-1
1889,18.89,end_transient,-1
1890,18.9,end_transient,-1
1891,18.91,end_transient,-1
1892,18.92,end_transient,-1
1893,18.93,end_transient,-1
1894,18.94,end_transient,-1
1895,18.95,end_transient,-1
1896,18.96,end_transient,-1
1897,18.97,end_transient,-1
1898,18.98,end_transient,-1
1899,18.99,end_transient,-1
1900,19.0,end_transient,-1
1901,19.01,end_transient,-1
1902,19.02,end_transient,-1
1903,19.03,end_transient,-1
1904,19.04,end_transient,-1
1905,19.05,end_transient,-1
1906,19.06,end_transient,-1
1907,19.07,end_transient,-1
1908,19.08,end_transient,-1
1909,19.09,end_transient,-1
1910,19.1,end_transient,-1
1911,19.11,end_transient,-1
1912,19.12,end_transient,-1
1913,19.13,end_transient,-1
1914,19.14,end_transient,-1
1915,19.15,end_transient,-1
1916,19.16,end_transient,-1
1917,19.17,end_transient,-1
1918,19.18,end_transient,-1
1919,19.19,end_transient,-1
1920,19.2,end_transient,-1
1921,19.21,end_transient,-1
1922,19.22,end_transient,-1
1923,19.23,end_transient,-1
1924,19.24,end_transient,-1
1925,19.25,end_transient,-1
1926,19.26,end_transient,-1
1927,19.27,end_transient,-1
1928,19.28,end_transient,-1
1929,19.29,end_transient,-1
1930,19.3,end_transient,-1
1931,19.31,end_transient,-1
1932,19.32,end_transient,-1
1933,19.33,end_transient,-1
1934,19.34,end_transient,-1
1935,19.35,end_transient,-1
1936,19.36,end_transient,-1
1937,19.37,end_transient,-1
1938,19.38,end_transient,-1
1939,19.39,end_transient,-1
1940,19.4,end_transient,-1
1941,19.41,end_transient,-1
1942,19.42,end_transient,-1
1943,19.43,end_transient,-1
1944,19.44,end_transient,-1
1945,19.45,end_transient,-1
1946,19.46,end_transient,-1
1947,19.47,end_transient,-1
1948,19.48,end_transient,-1
1949,19.49,end_transient,-1
1950,19.5,end_transient,-1
1951,19.51,end_transient,-1
1952,19.52,end_transient,-1
1953,19.53,end_transient,-1
1954,19.54,end_transient,-1
1955,19.55,end_transient,-1
1956,19.56,end_transient,-1
1957,19.57,end_transient,-1
1958,19.58,end_transient,-1
1959,19.59,end_transient,-1
1960,19.6,end_transient,-1
1961,19.61,end_transient,-1
1962,19.62,end_transient,-1
1963,19.63,end_transient,-1
1964,19.64,end_transient,-1
1965,19.65,end_transient,-1
1966,19.66,end_transient,-1
1967,19.67,end_transient,-1
1968,19.68,end_transient,-1
1969,19.69,end_transient,-1
1970,19.7,end_transient,-1
1971,19.71,end_transient,-1
1972,19.72,end_transient,-1
1973,19.73,end_transient,-1
1974,19.74,end_transient,-1
1975,19.75,end_transient,-1
1976,19.76,end_transient,-1
1977,19.77,end_transient,-1
1978,19.78,end_transient,-1
1979,19.79,end_transient,-1
1980,19.8,end_transient,-1
1981,19.81,end_transient,-1
1982,19.82,end_transient,-1
1983,19.83,end_transient,-1
1984,19.84,end_transient,-1
1985,19.85,end_transient,-1
1986,19.86,end_transient,-1
1987,19.87,end_transient,-1
1988,19.88,end_transient,-1
1989,19.89,end_transient,-1
1990,19.9,end_transient,-1
1991,19.91,end_transient,-1
1992,19.92,end_transient,-1
1993,19.93,end_transient,-1
1994,19.94,end_transient,-1
1995,19.95,end_transient,-1
1996,19.96,end_transient,-1
1997,19.97,end_transient,-1
1998,19.98,end_transient,-1
1999,19.99,end_transient,-1
2000,20.0,end_transient,-1
2001,20.01,end_transient,-1
2002,20.02,end_transient,-1
2003,20.03,end_transient,-1
2004,20.04,end_transient,-1
2005,20.05,end_transient,-1
2006,20.06,end_transient,-1
2007,20.07,end_transient,-1
2008,20.08,end_transient,-1
2009,20.09,end_transient,-1
2010,20.1,end_transient,-1
2011,20.11,end_transient,-1
2012,20.12,end_transient,-1
2013,20.13,end_transient,-1
2014,20.14,end_transient,-1
2015,20.15,end_transient,-1
2016,20.16,end_transient,-1
2017,20.17,end_transient,-1
2018,20.18,end_transient,-1
2019,20.19,end_transient,-1
2020,20.2,end_transient,-1
2021,20.21,end_transient,-1
2022,20.22,end_transient,-1
2023,20.23,end_transient,-1
2024,20.24,end_transient,-1
2025,20.25,end_transient,-1
2026,20.26,end_transient,-1
2027,20.27,end_transient,-1
2028,20.28,end_transient,-1
2029,20.29,end_transient,-1
2030,20.3,end_transient,-1
2031,20.31,end_transient,-1
2032,20.32,end_transient,-1
2033,20.33,end_transient,-1
2034,20.34,end_transient,-1
2035,20.35,end_transient,-1
2036,20.36,end_transient,-1
2037,20.37,end_transient,-1
2038,20.38,end_transient,-1
2039,20.39,end_transient,-1
2040,20.4,end_transient,-1
2041,20.41,end_transient,-1
2042,20.42,end_transient,-1
2043,20.43,end_transient,-1
2044,20.44,end_transient,-1
2045,20.45,end_transient,-1
2046,20.46,end_transient,-1
2047,20.47,end_transient,-1
2048,20.48,end_transient,-1
2049,20.49,end_transient,-1
2050,20.5,end_transient,-1
2051,20.51,end_transient,-1
2052,20.52,end_transient,-1
2053,20.53,end_transient,-1
2054,20.54,end_transient,-1
2055,20.55,end_transient,-1
2056,20.56,end_transient,-1
2057,20.57,end_transient,-1
2058,20.58,end_transient,-1
2059,20.59,end_transient,-1
2060,20.6,end_transient,-1
2061,20.61,end_transient,-1
2062,20.62,end_transient,-1
2063,20.63,end_transient,-1
2064,20.64,end_transient,-1
2065,20.65,end_transient,-1
2066,20.66,end_transient,-1
2067,20.67,end_transient,-1
2068,20.68,end_transient,-1
2069,20.69,end_transient,-1
2070,20.7,end_transient,-1
2071,20.71,end_transient,-1
2072,20.72,end_transient,-1
2073,20.73,end_transient,-1
2074,20.74,end_transient,-1
2075,20.75,end_transient,-1
2076,20.76,end_transient,-1
2077,20.77,end_transient,-1
2078,20.78,end_transient,-1
2079,20.79,end_transient,-1
2080,20.8,end_transient,-1
2081,20.81,end_transient,-1
2082,20.82,end_transient,-1
2083,20.83,end_transient,-1
2084,20.84,end_transient,-1
2085,20.85,end_transient,-1
2086,20.86,end_transient,-1
