rank,feature,importance
1,right_ankle_to_foot_original_angle__min,0.09976813049549253
2,left_hip_to_knee_original_angle__max,0.07118915830208623
3,right_knee_to_ankle_original_angle__max,0.07066178706442036
4,left_hip_to_knee_original_angle__mean,0.07052655266568632
5,left_hip_to_knee_original_angle__min,0.0656039772487205
6,right_hip_to_knee_original_angle__mean,0.06468074993376995
7,right_knee_to_ankle_original_angle__range,0.06385782375715664
8,left_ankle_to_foot_original_angle__min,0.0619755918726577
9,duration,0.06137170696849468
10,left_wrist_to_hand_original_angle__mean,0.05917883821972279
11,right_hip_to_knee_original_angle__std,0.05912151137214222
12,left_ankle_to_foot_original_angle__max,0.05893092045030177
13,right_knee_to_ankle_original_angle__std,0.058246603084326276
14,right_hip_to_knee_original_angle__min,0.058145459344922865
15,right_knee_to_ankle_original_angle__min,0.057581705153543564
16,left_wrist_to_hand_original_angle__max,0.057107850735147736
17,left_ankle_to_foot_original_angle__range,0.056588455181559305
18,left_wrist_to_hand_original_angle__range,0.05643678561602363
19,right_shoulder_to_elbow_original_angle__max,0.05640066276864815
20,right_shoulder_to_elbow_original_angle__mean,0.05631011479660371
21,right_shoulder_to_elbow_original_angle__min,0.05569724537094917
22,left_shoulder_to_elbow_original_angle__std,0.05458184147388604
23,left_ankle_to_foot_original_angle__std,0.05455104006697561
24,left_elbow_to_wrist_original_angle__mean,0.053125519849171854
25,right_elbow_to_wrist_original_angle__std,0.05293944663164788
26,left_elbow_to_wrist_original_angle__max,0.05235061382807839
27,left_shoulder_to_elbow_original_angle__min,0.05161968518392275
28,right_shoulder_to_elbow_original_angle__range,0.05071111934266033
29,left_hip_to_knee_original_angle__range,0.04868591824588539
30,left_elbow_to_wrist_original_angle__range,0.04797254741559564
31,left_shoulder_to_elbow_original_angle__range,0.04728740535902897
32,left_wrist_to_hand_original_angle__std,0.04669594425451634
33,left_shoulder_to_elbow_original_angle__max,0.04658329678383273
34,left_elbow_to_wrist_original_angle__min,0.04578168892585434
35,right_ankle_to_foot_original_angle__std,0.04571611575087495
36,pelvis_to_right_hip_original_angle__min,0.04531268307212129
37,neck_to_left_shoulder_original_angle__mean,0.04500396859746554
38,right_ankle_to_foot_original_angle__mean,0.044872680546388544
39,right_hip_to_knee_original_angle__range,0.044125571676539986
40,neck_to_left_shoulder_original_angle__min,0.04408232284106101
41,pelvis_to_left_hip_original_angle__max,0.043936889160591505
42,right_elbow_to_wrist_original_angle__range,0.04389177694897721
43,right_hip_to_knee_original_angle__max,0.043843878726598326
44,mid_to_upper_spine_original_angle__max,0.04362667753550245
45,left_knee_to_ankle_original_angle__mean,0.04353982619646309
46,pelvis_to_left_hip_original_angle__range,0.04353491037047184
47,left_elbow_to_wrist_original_angle__std,0.04308765253689156
48,right_ankle_to_foot_original_angle__range,0.042259858204040435
49,left_ankle_to_foot_original_angle__mean,0.04192128555919635
50,left_knee_to_ankle_original_angle__min,0.041842280135401484
51,pelvis_to_right_hip_original_angle__mean,0.04164300978019934
52,pelvis_to_right_hip_original_angle__max,0.041190359848207514
53,left_knee_to_ankle_original_angle__max,0.04103060727367157
54,mid_to_upper_spine_original_angle__mean,0.040285577264647945
55,right_elbow_to_wrist_original_angle__max,0.040215880441617544
56,right_wrist_to_hand_original_angle__std,0.03994331916318724
57,mid_to_upper_spine_original_angle__range,0.03994303494435475
58,left_shoulder_to_elbow_original_angle__mean,0.03984135438046632
59,neck_to_right_shoulder_original_angle__max,0.0388905698750995
60,left_knee_to_ankle_original_angle__range,0.0387777738043526
61,left_wrist_to_hand_original_angle__min,0.03875211537633592
62,neck_to_left_shoulder_original_angle__range,0.038738998226682246
63,right_shoulder_to_elbow_original_angle__std,0.03867788978846642
64,pelvis_to_left_hip_original_angle__mean,0.03852488567206335
65,pelvis_to_right_hip_original_angle__range,0.03828419379633581
66,neck_to_left_shoulder_original_angle__max,0.03687267358346172
67,right_knee_to_ankle_original_angle__mean,0.03680772002726155
68,neck_to_right_shoulder_original_angle__min,0.036715703249447715
69,right_ankle_to_foot_original_angle__max,0.036647156668375445
70,pelvis_to_right_hip_original_angle__std,0.036248949478091125
71,neck_to_right_shoulder_original_angle__range,0.03468061285424541
72,mid_to_upper_spine_original_angle__min,0.03103056906274542
73,right_wrist_to_hand_original_angle__range,0.030925380477945786
74,mid_to_upper_spine_original_angle__std,0.030810892171206063
75,right_elbow_to_wrist_original_angle__min,0.030067057939069948
76,right_wrist_to_hand_original_angle__max,0.029988174176305355
77,pelvis_to_left_hip_original_angle__min,0.02971117083347239
78,left_hip_to_knee_original_angle__std,0.0284137111757099
79,right_elbow_to_wrist_original_angle__mean,0.026730208397065847
80,right_wrist_to_hand_original_angle__min,0.0263193737773084
81,neck_to_right_shoulder_original_angle__std,0.026315596264221218
82,pelvis_to_left_hip_original_angle__std,0.02560833117701101
83,right_wrist_to_hand_original_angle__mean,0.025544393607354034
84,left_knee_to_ankle_original_angle__std,0.024484050165644245
85,pelvis_to_lower_spine_original_angle__std,0.023380467064268853
86,neck_to_left_shoulder_original_angle__std,0.02269331657256028
87,neck_to_right_shoulder_original_angle__mean,0.022352063760472267
88,pelvis_to_lower_spine_original_angle__range,0.020138158156266416
89,pelvis_to_lower_spine_original_angle__min,0.017830465638215658
90,pelvis_to_lower_spine_original_angle__mean,0.017495925221978747
91,pelvis_to_lower_spine_original_angle__max,0.016804789281408623
