person,predicted_person,repeated_errors,error_pct
Muthuni,Buddhini,1471,10.215277777777779
Buddhini,Nadeera,696,3.7662337662337664
Muthuni,Nadeera,465,3.2291666666666665
Buddhini,Thenuri,359,1.9426406926406927
Buddhini,Harshika,238,1.2878787878787878
Thenuri,Harshika,597,1.1436781609195403
Harshika,Muthuni,164,0.9651600753295668
Muthuni,Harshika,138,0.9583333333333334
Nadeera,Thenuri,416,0.931899641577061
Buddhini,Muthuni,158,0.854978354978355
Muthuni,Thenuri,107,0.7430555555555556
Harshika,Thenuri,124,0.7297551789077212
Nadeera,Muthuni,210,0.47043010752688175
Thenuri,Buddhini,195,0.3735632183908046
Nadeera,Buddhini,54,0.12096774193548387
Nadeera,Harshika,50,0.11200716845878136
