person,trial,correct_count,total_tests,correct_pct
Buddhini,1,240,240,100.0
Buddhini,2,240,240,100.0
Buddhini,3,240,240,100.0
Buddhini,4,240,240,100.0
Buddhini,7,238,240,99.16666666666667
Buddhini,9,67,240,27.916666666666668
Harshika,1,288,288,100.0
Harshika,2,288,288,100.0
Harshika,3,288,288,100.0
Harshika,4,288,288,100.0
Harshika,5,270,288,93.75
Muthuni,1,121,480,25.208333333333332
Muthuni,2,480,480,100.0
Muthuni,3,480,480,100.0
Nadeera,1,360,360,100.0
Nadeera,2,360,360,100.0
Nadeera,3,360,360,100.0
Nadeera,4,360,360,100.0
Thenuri,1,360,360,100.0
Thenuri,2,360,360,100.0
Thenuri,3,360,360,100.0
Thenuri,4,360,360,100.0
