person,trial,repeated_predictions,correct_predictions,errors,error_rate_pct
Muthuni,1,4800,1463,3337,69.52083333333333
Buddhini,9,4320,1824,2496,57.77777777777778
Harshika,5,2592,1745,847,32.67746913580247
Buddhini,7,3840,3319,521,13.567708333333334
Buddhini,2,3600,3154,446,12.38888888888889
Muthuni,3,5280,4648,632,11.969696969696969
Thenuri,3,15840,14421,1419,8.958333333333334
Nadeera,2,15120,14054,1066,7.050264550264551
Nadeera,4,14760,13915,845,5.724932249322493
Harshika,2,6048,5762,286,4.728835978835979
Thenuri,1,14040,13475,565,4.024216524216524
Thenuri,4,15120,14554,566,3.7433862433862433
Buddhini,4,2160,2117,43,1.9907407407407407
Nadeera,1,7200,7105,95,1.3194444444444444
Nadeera,3,7560,7468,92,1.216931216931217
Buddhini,1,2400,2382,18,0.75
Thenuri,2,7200,7196,4,0.05555555555555555
Buddhini,3,2160,2159,1,0.046296296296296294
Muthuni,2,4320,4320,0,0.0
Harshika,1,2880,2880,0,0.0
Harshika,3,2592,2592,0,0.0
Harshika,4,2880,2880,0,0.0
