split_id,accuracy,balanced_accuracy,macro_f1,test_cycles
1,0.9775280898876404,0.96,0.9633759194734803,89
2,0.9714285714285714,0.96,0.9680216802168022,70
3,0.9680851063829787,0.9554545454545454,0.9515532593749583,94
4,0.967391304347826,0.9552380952380952,0.952308272261255,92
5,0.963963963963964,0.9504761904761905,0.9560250525913176,111
6,0.9565217391304348,0.9504761904761905,0.9565953737430342,92
7,0.9568965517241379,0.945930735930736,0.9447596700338001,116
8,0.956140350877193,0.9457142857142857,0.9325284575153617,114
9,0.9777777777777777,0.96,0.9636028054632705,90
10,0.971830985915493,0.96,0.9682485662065922,71
11,0.968421052631579,0.9554545454545454,0.9517801453647484,95
12,0.978494623655914,0.96,0.9636028054632705,93
13,0.9818181818181818,0.96,0.9658443296997513,110
14,0.978021978021978,0.96,0.970490090443073,91
15,0.9739130434782609,0.9554545454545454,0.9540216696012292,115
16,0.9734513274336283,0.9552380952380952,0.9547766824875259,113
17,1.0,1.0,1.0,88
18,1.0,1.0,1.0,69
19,0.989247311827957,0.9954545454545455,0.9881773399014779,93
20,0.989010989010989,0.9952380952380953,0.9880665519219736,91
21,0.9818181818181818,0.9904761904761905,0.9820639898604183,110
22,0.978021978021978,0.9904761904761905,0.9797175866495508,91
23,0.9739130434782609,0.985930735930736,0.9705263713607744,115
24,0.9734513274336283,0.9857142857142858,0.9640041786940035,113
25,1.0,1.0,1.0,89
26,1.0,1.0,1.0,70
27,0.9893617021276596,0.9954545454545455,0.9881773399014779,94
28,1.0,1.0,1.0,92
29,1.0,1.0,1.0,109
30,1.0,1.0,1.0,90
31,0.9912280701754386,0.9954545454545455,0.9881773399014779,114
32,0.9910714285714286,0.9952380952380953,0.9880665519219736,112
33,0.9888888888888889,0.9818181818181818,0.980952380952381,90
34,0.9859154929577465,0.9818181818181818,0.980952380952381,71
35,0.9789473684210527,0.9772727272727273,0.9691297208538587,95
36,0.978494623655914,0.9770562770562771,0.9698847337401555,93
37,0.9732142857142857,0.9722943722943723,0.9648846779442642,112
38,0.967741935483871,0.9722943722943723,0.9625382747333966,93
39,0.9658119658119658,0.9677489177489178,0.9533470594446204,117
40,0.9652173913043478,0.9675324675324676,0.9539964100939711,115
41,0.989010989010989,0.9818181818181818,0.980952380952381,91
42,0.9861111111111112,0.9818181818181818,0.980952380952381,72
43,0.9791666666666666,0.9772727272727273,0.9691297208538587,96
44,0.9787234042553191,0.9770562770562771,0.9698847337401555,94
45,0.990990990990991,0.9818181818181818,0.980952380952381,111
46,0.9891304347826086,0.9818181818181818,0.980952380952381,92
47,0.9741379310344828,0.9590909090909092,0.9499955217196596,116
48,0.9824561403508771,0.9770562770562771,0.9698847337401555,114
49,0.97,0.9504761904761905,0.9491411455467939,100
50,0.9629629629629629,0.9504761904761905,0.9537869062901155,81
51,0.9714285714285714,0.9504761904761905,0.9491411455467939,105
52,0.970873786407767,0.9504761904761905,0.9491411455467939,103
53,0.9590163934426229,0.940952380952381,0.941790278664631,122
54,0.9514563106796117,0.940952380952381,0.9423605998163476,103
55,0.9606299212598425,0.940952380952381,0.9423458342201865,127
56,0.96,0.940952380952381,0.9357793288301519,125
57,0.9702970297029703,0.9504761904761905,0.949368031536584,101
58,0.9634146341463414,0.9504761904761905,0.9540137922799057,82
59,0.9716981132075472,0.9504761904761905,0.949368031536584,106
60,0.9711538461538461,0.9504761904761905,0.949368031536584,104
61,0.9752066115702479,0.9504761904761905,0.9516095557730647,121
62,0.9705882352941176,0.9504761904761905,0.9562553165163864,102
63,0.9761904761904762,0.9504761904761905,0.9516095557730647,126
64,0.9758064516129032,0.9504761904761905,0.9516095557730647,124
65,0.98989898989899,0.9904761904761905,0.9925903056498919,99
66,0.9875,0.9904761904761905,0.9902439024390244,80
67,0.9903846153846154,0.9904761904761905,0.9845956354300384,104
68,0.9901960784313726,0.9904761904761905,0.9845956354300384,102
69,0.9752066115702479,0.980952380952381,0.9747175866495507,121
70,0.9705882352941176,0.980952380952381,0.9701937771257411,102
71,0.9761904761904762,0.980952380952381,0.9679967114277884,126
72,0.967741935483871,0.9761904761904763,0.9535449735449735,124
73,0.99,0.9904761904761905,0.9925903056498919,100
74,0.9876543209876543,0.9904761904761905,0.9902439024390244,81
75,0.9904761904761905,0.9904761904761905,0.9845956354300384,105
76,0.9902912621359223,0.9904761904761905,0.9845956354300384,103
77,0.9916666666666667,0.9904761904761905,0.9925903056498919,120
78,0.9900990099009901,0.9904761904761905,0.9902439024390244,101
79,0.992,0.9904761904761905,0.9845956354300384,125
80,0.991869918699187,0.9904761904761905,0.9845956354300384,123
81,0.9801980198019802,0.9722943722943722,0.9735426866022729,101
82,0.975609756097561,0.9722943722943722,0.9711962833914054,82
83,0.9716981132075472,0.9541125541125541,0.9483687044662655,106
84,0.9807692307692307,0.9722943722943722,0.9737213909954224,104
85,0.967479674796748,0.9627705627705627,0.9575382747333967,123
86,0.9615384615384616,0.9627705627705627,0.9530144652095871,104
87,0.9609375,0.9445887445887445,0.9334512568823339,128
88,0.9682539682539683,0.9627705627705627,0.9578871119426988,126
89,0.9803921568627451,0.9722943722943722,0.9735426866022729,102
90,0.9759036144578314,0.9722943722943722,0.9711962833914054,83
91,0.9719626168224299,0.9541125541125541,0.9483687044662655,107
92,0.9809523809523809,0.9722943722943722,0.9737213909954224,105
93,0.9836065573770492,0.9722943722943722,0.9735426866022729,122
94,0.9805825242718447,0.9722943722943722,0.9711962833914054,103
95,0.968503937007874,0.9495670995670995,0.9414240931482312,127
96,0.984,0.9722943722943722,0.9737213909954224,125
97,0.9772727272727273,0.96,0.9633759194734803,88
98,0.9710144927536232,0.96,0.9680216802168022,69
99,0.956989247311828,0.9509090909090908,0.9387247566827828,93
100,0.967032967032967,0.9552380952380952,0.952308272261255,91
101,0.9636363636363636,0.9504761904761905,0.9560250525913176,110
102,0.9560439560439561,0.9504761904761905,0.9565953737430342,91
103,0.9478260869565217,0.9413852813852813,0.9319341435004086,115
104,0.9557522123893806,0.9457142857142857,0.9315259512496976,113
105,0.9775280898876404,0.96,0.9636028054632705,89
106,0.9714285714285714,0.96,0.9682485662065922,70
107,0.9574468085106383,0.9509090909090908,0.9389516426725729,94
108,0.967391304347826,0.9552380952380952,0.9525351582510451,92
109,0.981651376146789,0.96,0.9658443296997513,109
110,0.9777777777777777,0.96,0.970490090443073,90
111,0.9649122807017544,0.9509090909090908,0.9411931669090536,114
112,0.9732142857142857,0.9552380952380952,0.9547766824875259,112
113,1.0,1.0,1.0,87
114,1.0,1.0,1.0,68
115,0.9782608695652174,0.990909090909091,0.9753488372093024,92
116,0.9888888888888889,0.9952380952380953,0.9880665519219736,90
117,0.981651376146789,0.9904761904761905,0.9820639898604183,109
118,0.9777777777777777,0.9904761904761905,0.9797175866495508,90
119,0.9649122807017544,0.9813852813852815,0.9576990837059005,114
120,0.9732142857142857,0.9857142857142858,0.9640041786940035,112
121,1.0,1.0,1.0,88
122,1.0,1.0,1.0,69
123,0.978494623655914,0.990909090909091,0.9753488372093024,93
124,0.989010989010989,0.9952380952380953,0.9880665519219736,91
125,1.0,1.0,1.0,108
126,1.0,1.0,1.0,89
127,0.9823008849557522,0.990909090909091,0.9753488372093024,113
128,0.990990990990991,0.9952380952380953,0.9880665519219736,111
129,0.9887640449438202,0.9818181818181818,0.980952380952381,89
130,0.9857142857142858,0.9818181818181818,0.980952380952381,70
131,0.9468085106382979,0.9363636363636363,0.9170166430876344,94
132,0.9782608695652174,0.9770562770562771,0.9698847337401555,92
133,0.972972972972973,0.9722943722943723,0.9648846779442642,111
134,0.967391304347826,0.9722943722943723,0.9625382747333966,92
135,0.9482758620689655,0.9450216450216452,0.9215587328287075,116
136,0.9649122807017544,0.9675324675324676,0.9521281029625059,114
137,0.9888888888888889,0.9818181818181818,0.980952380952381,90
138,0.9859154929577465,0.9818181818181818,0.980952380952381,71
139,0.9473684210526315,0.9363636363636363,0.9170166430876344,95
140,0.967741935483871,0.9588744588744589,0.9488822274744912,93
141,0.990909090909091,0.9818181818181818,0.980952380952381,110
142,0.989010989010989,0.9818181818181818,0.980952380952381,91
143,0.9565217391304348,0.9363636363636363,0.9170166430876344,115
144,0.9734513274336283,0.9588744588744589,0.9488822274744912,113
145,0.9775280898876404,0.96,0.9633759194734803,89
146,0.9714285714285714,0.96,0.9680216802168022,70
147,0.9574468085106383,0.9509090909090908,0.9405429385009645,94
148,0.967391304347826,0.9552380952380952,0.952308272261255,92
149,0.963963963963964,0.9504761904761905,0.9560250525913176,111
150,0.9565217391304348,0.9504761904761905,0.9565953737430342,92
151,0.9482758620689655,0.9413852813852813,0.9337523253185903,116
152,0.956140350877193,0.9457142857142857,0.9397000008314832,114
153,0.9777777777777777,0.96,0.9636028054632705,90
154,0.971830985915493,0.96,0.9682485662065922,71
155,0.9578947368421052,0.9509090909090908,0.9407698244907546,95
156,0.967741935483871,0.9552380952380952,0.9525351582510451,93
157,0.9818181818181818,0.96,0.9658443296997513,110
158,0.978021978021978,0.96,0.970490090443073,91
159,0.9652173913043478,0.9509090909090908,0.9430113487272355,115
160,0.9734513274336283,0.9552380952380952,0.9547766824875259,113
161,1.0,1.0,1.0,88
162,1.0,1.0,1.0,69
163,0.978494623655914,0.990909090909091,0.9771670190274842,93
164,0.989010989010989,0.9952380952380953,0.9880665519219736,91
165,0.9818181818181818,0.9904761904761905,0.9820639898604183,110
166,0.978021978021978,0.9904761904761905,0.9797175866495508,91
167,0.9652173913043478,0.9813852813852815,0.9595172655240823,115
168,0.9734513274336283,0.9857142857142858,0.9640041786940035,113
169,1.0,1.0,1.0,89
170,1.0,1.0,1.0,70
171,0.9787234042553191,0.990909090909091,0.9771670190274842,94
172,0.9891304347826086,0.9952380952380953,0.9880665519219736,92
173,1.0,1.0,1.0,109
174,1.0,1.0,1.0,90
175,0.9824561403508771,0.990909090909091,0.9771670190274842,114
176,0.9910714285714286,0.9952380952380953,0.9880665519219736,112
177,0.9777777777777777,0.9766899766899767,0.9696969696969697,90
178,0.9859154929577465,0.9818181818181818,0.980952380952381,71
179,0.9473684210526315,0.9363636363636363,0.919501115137324,95
180,0.967741935483871,0.9588744588744589,0.9498847337401554,93
181,0.9642857142857143,0.9671661671661672,0.9536301097276707,112
182,0.967741935483871,0.9722943722943723,0.9625382747333966,93
183,0.9401709401709402,0.9268398268398268,0.903956624791817,117
184,0.9652173913043478,0.9675324675324676,0.9531306092281702,115
185,0.978021978021978,0.9766899766899767,0.9696969696969697,91
186,0.9861111111111112,0.9818181818181818,0.980952380952381,72
187,0.9479166666666666,0.9363636363636363,0.919501115137324,96
188,0.9680851063829787,0.9588744588744589,0.9498847337401554,94
189,0.990990990990991,0.9818181818181818,0.980952380952381,111
190,0.9891304347826086,0.9818181818181818,0.980952380952381,92
191,0.9568965517241379,0.9363636363636363,0.919501115137324,116
192,0.9736842105263158,0.9588744588744589,0.9498847337401554,114
193,0.9772727272727273,0.96,0.9633759194734803,88
194,0.9710144927536232,0.96,0.9680216802168022,69
195,0.946236559139785,0.9463636363636363,0.92774566737264,93
196,0.967032967032967,0.9552380952380952,0.952308272261255,91
197,0.9636363636363636,0.9504761904761905,0.9560250525913176,110
198,0.9560439560439561,0.9504761904761905,0.9565953737430342,91
199,0.9391304347826087,0.9368398268398268,0.9209593711463258,115
200,0.9557522123893806,0.9457142857142857,0.9397000008314832,113
201,0.9775280898876404,0.96,0.9636028054632705,89
202,0.9714285714285714,0.96,0.9682485662065922,70
203,0.9468085106382979,0.9463636363636363,0.9279725533624301,94
204,0.967391304347826,0.9552380952380952,0.9525351582510451,92
205,0.981651376146789,0.96,0.9658443296997513,109
206,0.9777777777777777,0.96,0.970490090443073,90
207,0.9649122807017544,0.9509090909090908,0.9411931669090536,114
208,0.9732142857142857,0.9552380952380952,0.9547766824875259,112
209,1.0,1.0,1.0,87
210,1.0,1.0,1.0,68
211,0.967391304347826,0.9863636363636363,0.9643697478991596,92
212,0.9888888888888889,0.9952380952380953,0.9880665519219736,90
213,0.981651376146789,0.9904761904761905,0.9820639898604183,109
214,0.9777777777777777,0.9904761904761905,0.9797175866495508,90
215,0.956140350877193,0.9768398268398268,0.9467218812772146,114
216,0.9732142857142857,0.9857142857142858,0.9640041786940035,112
217,1.0,1.0,1.0,88
218,1.0,1.0,1.0,69
219,0.967741935483871,0.9863636363636363,0.9643697478991596,93
220,0.989010989010989,0.9952380952380953,0.9880665519219736,91
221,1.0,1.0,1.0,108
222,1.0,1.0,1.0,89
223,0.9823008849557522,0.990909090909091,0.9753488372093024,113
224,0.990990990990991,0.9952380952380953,0.9880665519219736,111
225,0.9775280898876404,0.9636363636363636,0.9599498746867168,89
226,0.9714285714285714,0.9636363636363636,0.9599498746867168,70
227,0.9361702127659575,0.9318181818181819,0.9068167745567127,94
228,0.967391304347826,0.9588744588744589,0.9488822274744912,92
229,0.963963963963964,0.9541125541125541,0.9430664961260824,111
230,0.9565217391304348,0.9541125541125541,0.9407200929152149,92
231,0.9396551724137931,0.9404761904761905,0.9113607511792423,116
232,0.956140350877193,0.9493506493506494,0.9321782282757892,114
233,0.9777777777777777,0.9636363636363636,0.9599498746867168,90
234,0.971830985915493,0.9636363636363636,0.9599498746867168,71
235,0.9368421052631579,0.9318181818181819,0.9068167745567127,95
236,0.967741935483871,0.9588744588744589,0.9488822274744912,93
237,0.9818181818181818,0.9636363636363636,0.9599498746867168,110
238,0.978021978021978,0.9636363636363636,0.9599498746867168,91
239,0.9478260869565217,0.9318181818181819,0.9068167745567127,115
240,0.9734513274336283,0.9588744588744589,0.9488822274744912,113
241,0.9787234042553191,0.96,0.9664481160940642,94
242,0.9733333333333334,0.96,0.9664481160940642,75
243,0.9696969696969697,0.9554545454545454,0.954625455995542,99
244,0.9690721649484536,0.9552380952380952,0.9579900904430732,97
245,0.9568965517241379,0.9371428571428572,0.9499206349206348,116
246,0.9484536082474226,0.9371428571428572,0.9453968253968255,97
247,0.9504132231404959,0.9325974025974026,0.9386552523631175,121
248,0.957983193277311,0.9371428571428572,0.9430438842203548,119
249,0.9578947368421052,0.9333333333333333,0.9454655679448347,95
250,0.9605263157894737,0.9466666666666667,0.956912268182243,76
251,0.96,0.9421212121212121,0.9435308752550131,100
252,0.9693877551020408,0.9466666666666667,0.9553535353535352,98
253,0.9826086956521739,0.96,0.968916526320335,115
254,0.9791666666666666,0.96,0.970490090443073,96
255,0.975,0.9554545454545454,0.9570938662218129,120
256,0.9745762711864406,0.9552380952380952,0.960458500669344,118
257,0.989247311827957,0.9866666666666667,0.9825771324863883,93
258,0.9864864864864865,0.9866666666666667,0.9825771324863883,74
259,0.9795918367346939,0.9821212121212122,0.9707544723878663,98
260,0.9895833333333334,0.9866666666666667,0.9825771324863883,96
261,0.9652173913043478,0.9638095238095238,0.9559537244820149,115
262,0.9583333333333334,0.9638095238095238,0.9536073212711473,96
263,0.9583333333333334,0.9592640692640693,0.944416105982371,120
264,0.9576271186440678,0.959047619047619,0.94408143745303,118
265,0.9680851063829787,0.96,0.9600686536279861,94
266,0.9733333333333334,0.9733333333333334,0.9705368071341145,75
267,0.9696969696969697,0.9687878787878788,0.9587141470355922,99
268,0.979381443298969,0.9733333333333334,0.9705368071341145,97
269,0.9912280701754386,0.9866666666666667,0.9825771324863883,114
270,0.9894736842105263,0.9866666666666667,0.9825771324863883,95
271,0.9831932773109243,0.9821212121212122,0.9707544723878663,119
272,0.9829059829059829,0.981904761904762,0.9737307123229761,117
273,0.9578947368421052,0.9451748251748251,0.9438311688311689,95
274,0.9736842105263158,0.9684848484848484,0.9684848484848484,76
275,0.97,0.9639393939393939,0.9566621883863263,100
276,0.9693877551020408,0.9637229437229436,0.9600537045542875,98
277,0.9487179487179487,0.9404995004995005,0.9348892560207384,117
278,0.9591836734693877,0.9589610389610389,0.950823612583952,98
279,0.9508196721311475,0.9410822510822511,0.9319252085739324,122
280,0.9583333333333334,0.9541991341991342,0.9449182512261908,120
281,0.96875,0.9503030303030304,0.952073732718894,96
282,0.974025974025974,0.9684848484848484,0.9684848484848484,77
283,0.9603960396039604,0.9506060606060606,0.9446547037565483,101
284,0.9696969696969697,0.9637229437229436,0.9600537045542875,99
285,0.9741379310344828,0.9585081585081585,0.9592207792207793,116
286,0.979381443298969,0.9684848484848484,0.9684848484848484,97
287,0.9752066115702479,0.9639393939393939,0.9566621883863263,121
288,0.9747899159663865,0.9637229437229436,0.9600537045542875,119
289,0.9714285714285714,0.9504761904761905,0.9522133421673775,105
290,0.9651162790697675,0.9504761904761905,0.9522133421673775,86
291,0.9727272727272728,0.9504761904761905,0.9522133421673775,110
292,0.9722222222222222,0.9504761904761905,0.9522133421673775,108
293,0.9448818897637795,0.9142857142857143,0.9259221317474603,127
294,0.9444444444444444,0.9276190476190477,0.9311620514701389,108
295,0.946969696969697,0.9142857142857143,0.9267361325614611,132
296,0.9538461538461539,0.9276190476190477,0.9360346982032507,130
297,0.9528301886792453,0.9238095238095237,0.931230794018148,106
298,0.9540229885057471,0.9371428571428572,0.9426774942555565,87
299,0.963963963963964,0.9371428571428572,0.9411187614268488,111
300,0.963302752293578,0.9371428571428572,0.9411187614268488,109
301,0.9761904761904762,0.9504761904761905,0.9546817523936484,126
302,0.9719626168224299,0.9504761904761905,0.9562553165163864,107
303,0.9770992366412213,0.9504761904761905,0.9546817523936484,131
304,0.9767441860465116,0.9504761904761905,0.9546817523936484,129
305,0.9807692307692307,0.9771428571428572,0.9751674381362804,104
306,0.9764705882352941,0.9771428571428572,0.9728210349254127,85
307,0.981651376146789,0.9771428571428572,0.9682253994953743,109
308,0.9813084112149533,0.9771428571428572,0.9682253994953743,107
309,0.9523809523809523,0.940952380952381,0.938263405927232,126
310,0.9439252336448598,0.9495238095238095,0.936910569105691,107
311,0.9541984732824428,0.9495238095238095,0.935615759046836,131
312,0.9534883720930233,0.9495238095238095,0.9355100088816014,129
313,0.9619047619047619,0.9504761904761905,0.9527222504171184,105
314,0.9651162790697675,0.9638095238095238,0.9607807095731389,86
315,0.9727272727272728,0.9638095238095238,0.9561850741431002,110
316,0.9722222222222222,0.9638095238095238,0.9561850741431002,108
317,0.984,0.9771428571428572,0.9751674381362804,125
318,0.9811320754716981,0.9771428571428572,0.9728210349254127,106
319,0.9846153846153847,0.9771428571428572,0.9682253994953743,130
320,0.984375,0.9771428571428572,0.9682253994953743,128
321,0.9528301886792453,0.9356510156510156,0.9364223175198785,106
322,0.9655172413793104,0.9589610389610389,0.9587287509238728,87
323,0.972972972972973,0.9589610389610389,0.9557016613644397,111
324,0.9724770642201835,0.9589610389610389,0.9612538585278901,109
325,0.9296875,0.8994605394605395,0.9015293991932252,128
326,0.9541284403669725,0.9494372294372294,0.9412998030601424,109
327,0.9548872180451128,0.9361038961038961,0.9316228560398786,133
328,0.9618320610687023,0.9494372294372294,0.9494318273898535,131
329,0.9626168224299065,0.9407792207792209,0.9446640383687861,107
330,0.9659090909090909,0.9589610389610389,0.9587287509238728,88
331,0.9642857142857143,0.9456277056277056,0.9436941767346616,112
332,0.9727272727272728,0.9589610389610389,0.9612538585278901,110
333,0.9606299212598425,0.9356510156510156,0.9364223175198785,127
334,0.9722222222222222,0.9589610389610389,0.9587287509238728,108
335,0.9621212121212122,0.9225974025974025,0.9225029036004646,132
336,0.9692307692307692,0.9541991341991342,0.9528233895661119,130
337,0.978494623655914,0.96,0.9664481160940642,93
338,0.972972972972973,0.96,0.9664481160940642,74
339,0.9591836734693877,0.9509090909090908,0.9417969533033664,98
340,0.96875,0.9552380952380952,0.9579900904430732,96
341,0.9565217391304348,0.9371428571428572,0.9499206349206348,115
342,0.9479166666666666,0.9371428571428572,0.9453968253968255,96
343,0.9416666666666667,0.928051948051948,0.9258297258297258,120
344,0.9491525423728814,0.9323809523809524,0.941840306014879,118
345,0.9574468085106383,0.9333333333333333,0.9454655679448347,94
346,0.96,0.9466666666666667,0.956912268182243,75
347,0.9494949494949495,0.9375757575757575,0.9307023725628376,99
348,0.9690721649484536,0.9466666666666667,0.9553535353535352,97
349,0.9824561403508771,0.96,0.968916526320335,114
350,0.9789473684210527,0.96,0.970490090443073,95
351,0.9663865546218487,0.9509090909090908,0.9442653635296374,119
352,0.9743589743589743,0.9552380952380952,0.960458500669344,117
353,0.9891304347826086,0.9866666666666667,0.9825771324863883,92
354,0.9863013698630136,0.9866666666666667,0.9825771324863883,73
355,0.9690721649484536,0.9775757575757578,0.9579259696956907,97
356,0.9789473684210527,0.981904761904762,0.9737307123229761,95
357,0.9649122807017544,0.9638095238095238,0.9559537244820149,114
358,0.9578947368421052,0.9638095238095238,0.9536073212711473,95
359,0.9495798319327731,0.9547186147186146,0.9315888183274972,119
360,0.9572649572649573,0.959047619047619,0.9430789311873659,117
361,0.967741935483871,0.96,0.9600686536279861,93
362,0.972972972972973,0.9733333333333334,0.9705368071341145,74
363,0.9591836734693877,0.9642424242424242,0.9458856443434167,98
364,0.9791666666666666,0.9733333333333334,0.9705368071341145,96
365,0.9911504424778761,0.9866666666666667,0.9825771324863883,113
366,0.9893617021276596,0.9866666666666667,0.9825771324863883,94
367,0.9745762711864406,0.9775757575757578,0.9579259696956907,118
368,0.9827586206896551,0.981904761904762,0.9737307123229761,116
369,0.9574468085106383,0.9451748251748251,0.9438311688311689,94
370,0.9733333333333334,0.9684848484848484,0.9684848484848484,75
371,0.9494949494949495,0.9412121212121212,0.9248726467331118,99
372,0.9690721649484536,0.9637229437229436,0.9600537045542875,97
373,0.9482758620689655,0.9404995004995005,0.9348892560207384,116
374,0.9587628865979382,0.9589610389610389,0.950823612583952,97
375,0.9338842975206612,0.9183549783549783,0.9002498125057328,121
376,0.957983193277311,0.9541991341991342,0.9422970737766381,119
377,0.9789473684210527,0.9636363636363636,0.9675,95
378,0.9736842105263158,0.9684848484848484,0.9684848484848484,76
379,0.94,0.927878787878788,0.9128651621033338,100
380,0.9693877551020408,0.9637229437229436,0.9600537045542875,98
381,0.9739130434782609,0.9585081585081585,0.9592207792207793,115
382,0.9791666666666666,0.9684848484848484,0.9684848484848484,96
383,0.9583333333333334,0.9412121212121212,0.9248726467331118,120
384,0.9745762711864406,0.9637229437229436,0.9600537045542875,118
385,0.9787234042553191,0.96,0.9664481160940642,94
386,0.9733333333333334,0.96,0.9664481160940642,75
387,0.9595959595959596,0.9509090909090908,0.9436151351215483,99
388,0.9690721649484536,0.9552380952380952,0.9579900904430732,97
389,0.9568965517241379,0.9371428571428572,0.9499206349206348,116
390,0.9484536082474226,0.9371428571428572,0.9453968253968255,97
391,0.9421487603305785,0.928051948051948,0.9276479076479077,121
392,0.9495798319327731,0.9323809523809524,0.941840306014879,119
393,0.968421052631579,0.9466666666666667,0.9553535353535352,95
394,0.9605263157894737,0.9466666666666667,0.9553535353535352,76
395,0.95,0.9375757575757575,0.9325205543810196,100
396,0.9591836734693877,0.9419047619047619,0.9469223914229744,98
397,0.9826086956521739,0.96,0.968916526320335,115
398,0.9791666666666666,0.96,0.970490090443073,96
399,0.9666666666666667,0.9509090909090908,0.9460835453478194,120
400,0.9745762711864406,0.9552380952380952,0.960458500669344,118
401,0.989247311827957,0.9866666666666667,0.9825771324863883,93
402,0.9864864864864865,0.9866666666666667,0.9825771324863883,74
403,0.9693877551020408,0.9775757575757578,0.9597441515138726,98
404,0.9791666666666666,0.981904761904762,0.9737307123229761,96
405,0.9652173913043478,0.9638095238095238,0.9559537244820149,115
406,0.9583333333333334,0.9638095238095238,0.9536073212711473,96
407,0.95,0.9547186147186146,0.9334070001456789,120
408,0.9491525423728814,0.9542857142857143,0.9352685329808963,118
409,0.9787234042553191,0.9733333333333334,0.9705368071341145,94
410,0.9733333333333334,0.9733333333333334,0.9705368071341145,75
411,0.9595959595959596,0.9642424242424242,0.9477038261615984,99
412,0.9690721649484536,0.9685714285714285,0.961723227693198,97
413,0.9912280701754386,0.9866666666666667,0.9825771324863883,114
414,0.9894736842105263,0.9866666666666667,0.9825771324863883,95
415,0.9747899159663865,0.9775757575757578,0.9597441515138726,119
416,0.9829059829059829,0.981904761904762,0.9737307123229761,117
417,0.968421052631579,0.9585081585081585,0.9592207792207793,95
418,0.9736842105263158,0.9684848484848484,0.9684848484848484,76
419,0.95,0.9412121212121212,0.9273571187828014,100
420,0.9693877551020408,0.9637229437229436,0.9600537045542875,98
421,0.9487179487179487,0.9356510156510156,0.9286301097276708,117
422,0.9591836734693877,0.9589610389610389,0.950823612583952,98
423,0.9426229508196722,0.9316883116883116,0.9124414732766655,122
424,0.9583333333333334,0.9541991341991342,0.9432995800423022,120
425,0.96875,0.9585081585081585,0.9592207792207793,96
426,0.974025974025974,0.9684848484848484,0.9684848484848484,77
427,0.9504950495049505,0.9412121212121212,0.9273571187828014,101
428,0.9696969696969697,0.9637229437229436,0.9600537045542875,99
429,0.9741379310344828,0.9585081585081585,0.9592207792207793,116
430,0.979381443298969,0.9684848484848484,0.9684848484848484,97
431,0.9504132231404959,0.9230303030303031,0.9099070419778859,121
432,0.9747899159663865,0.9637229437229436,0.9600537045542875,119
433,0.978494623655914,0.96,0.9664481160940642,93
434,0.972972972972973,0.96,0.9664481160940642,74
435,0.9489795918367347,0.9463636363636363,0.9308178639932239,98
436,0.96875,0.9552380952380952,0.9579900904430732,96
437,0.9565217391304348,0.9371428571428572,0.9499206349206348,115
438,0.9479166666666666,0.9371428571428572,0.9453968253968255,96
439,0.9416666666666667,0.928051948051948,0.9258297258297258,120
440,0.9491525423728814,0.9323809523809524,0.941840306014879,118
441,0.9680851063829787,0.9466666666666667,0.9553535353535352,94
442,0.96,0.9466666666666667,0.9553535353535352,75
443,0.9393939393939394,0.933030303030303,0.919723283252695,99
444,0.9587628865979382,0.9419047619047619,0.9469223914229744,97
445,0.9824561403508771,0.96,0.968916526320335,114
446,0.9789473684210527,0.96,0.970490090443073,95
447,0.9663865546218487,0.9509090909090908,0.9442653635296374,119
448,0.9743589743589743,0.9552380952380952,0.960458500669344,117
449,0.9891304347826086,0.9866666666666667,0.9825771324863883,92
450,0.9863013698630136,0.9866666666666667,0.9825771324863883,73
451,0.9587628865979382,0.973030303030303,0.9469468803855481,97
452,0.9789473684210527,0.981904761904762,0.9737307123229761,95
453,0.9649122807017544,0.9638095238095238,0.9559537244820149,114
454,0.9578947368421052,0.9638095238095238,0.9536073212711473,95
455,0.9411764705882353,0.9501731601731601,0.9206116158988111,119
456,0.9487179487179487,0.9542857142857143,0.9342660267152321,117
457,0.978494623655914,0.9733333333333334,0.9705368071341145,93
458,0.972972972972973,0.9733333333333334,0.9705368071341145,74
459,0.9489795918367347,0.9596969696969697,0.9349065550332739,98
460,0.96875,0.9685714285714285,0.961723227693198,96
461,0.9911504424778761,0.9866666666666667,0.9825771324863883,113
462,0.9893617021276596,0.9866666666666667,0.9825771324863883,94
463,0.9745762711864406,0.9775757575757578,0.9579259696956907,118
464,0.9827586206896551,0.981904761904762,0.9737307123229761,116
465,0.9574468085106383,0.9403263403263404,0.9371155160628846,94
466,0.96,0.9503030303030304,0.9475689223057644,75
467,0.9393939393939394,0.9366666666666668,0.91467277820219,99
468,0.9587628865979382,0.9455411255411255,0.9391377783752034,97
469,0.9482758620689655,0.9356510156510156,0.9220674788102011,116
470,0.9587628865979382,0.9589610389610389,0.9482024351343992,97
471,0.9338842975206612,0.927142857142857,0.8997590195775109,121
472,0.9495798319327731,0.936017316017316,0.9224337791765015,119
473,0.9578947368421052,0.9403263403263404,0.9371155160628846,95
474,0.9605263157894737,0.9503030303030304,0.9475689223057644,76
475,0.94,0.9366666666666668,0.91467277820219,100
476,0.9591836734693877,0.9455411255411255,0.9391377783752034,98
477,0.9652173913043478,0.9403263403263404,0.9371155160628846,115
478,0.9791666666666666,0.9684848484848484,0.9684848484848484,96
479,0.95,0.9366666666666668,0.91467277820219,120
480,0.9661016949152542,0.9455411255411255,0.9391377783752034,118
481,0.9772727272727273,0.96,0.9623734132078162,88
482,0.9710144927536232,0.96,0.9680216802168022,69
483,0.967741935483871,0.9554545454545454,0.9505507531092942,93
484,0.978021978021978,0.96,0.9623734132078162,91
485,0.9636363636363636,0.9504761904761905,0.9550225463256534,110
486,0.9560439560439561,0.9504761904761905,0.9565953737430342,91
487,0.9565217391304348,0.945930735930736,0.943757163768136,115
488,0.9646017699115044,0.9504761904761905,0.9410250525913177,113
489,0.9775280898876404,0.96,0.9626002991976064,89
490,0.9714285714285714,0.96,0.9682485662065922,70
491,0.9680851063829787,0.9554545454545454,0.9507776390990843,94
492,0.9782608695652174,0.96,0.9626002991976064,92
493,0.981651376146789,0.96,0.9648418234340872,109
494,0.9777777777777777,0.96,0.970490090443073,90
495,0.9736842105263158,0.9554545454545454,0.9530191633355651,114
496,0.9821428571428571,0.96,0.9648418234340872,112
497,1.0,1.0,1.0,87
498,1.0,1.0,1.0,68
499,0.9891304347826086,0.9954545454545455,0.9881773399014779,92
500,1.0,1.0,1.0,90
501,0.981651376146789,0.9904761904761905,0.9820639898604183,109
502,0.9777777777777777,0.9904761904761905,0.9797175866495508,90
503,0.9736842105263158,0.985930735930736,0.9705263713607744,114
504,0.9821428571428571,0.9904761904761905,0.9740693196405648,112
505,1.0,1.0,1.0,88
506,1.0,1.0,1.0,69
507,0.989247311827957,0.9954545454545455,0.9881773399014779,93
508,1.0,1.0,1.0,91
509,1.0,1.0,1.0,108
510,1.0,1.0,1.0,89
511,0.9911504424778761,0.9954545454545455,0.9881773399014779,113
512,1.0,1.0,1.0,111
513,0.9550561797752809,0.9403263403263404,0.92946001367054,89
514,0.9571428571428572,0.9454545454545455,0.9398496240601503,70
515,0.9680851063829787,0.9590909090909092,0.9481773399014779,94
516,0.9782608695652174,0.9636363636363636,0.96,92
517,0.9459459459459459,0.930802530802531,0.9136301097276707,111
518,0.9565217391304348,0.9541125541125541,0.9416724738675958,92
519,0.9568965517241379,0.9495670995670997,0.9324812585788196,116
520,0.9736842105263158,0.9722943722943723,0.9569401330376941,114
521,0.9555555555555556,0.9403263403263404,0.92946001367054,90
522,0.9577464788732394,0.9454545454545455,0.9398496240601503,71
523,0.968421052631579,0.9590909090909092,0.9481773399014779,95
524,0.978494623655914,0.9636363636363636,0.96,93
525,0.9727272727272728,0.9454545454545455,0.9398496240601503,110
526,0.967032967032967,0.9454545454545455,0.9398496240601503,91
527,0.9739130434782609,0.9590909090909092,0.9481773399014779,115
528,0.9911504424778761,0.9818181818181818,0.9799498746867167,113
529,0.9696969696969697,0.9504761904761905,0.9481386392811295,99
530,0.9625,0.9504761904761905,0.9537869062901155,80
531,0.9711538461538461,0.9504761904761905,0.9481386392811295,104
532,0.9705882352941176,0.9504761904761905,0.9481386392811295,102
533,0.9586776859504132,0.940952380952381,0.9407877723989667,121
534,0.9509803921568627,0.940952380952381,0.9423605998163476,102
535,0.9603174603174603,0.940952380952381,0.9413433279545224,126
536,0.9596774193548387,0.940952380952381,0.93396114701197,124
537,0.97,0.9504761904761905,0.9483655252709198,100
538,0.9629629629629629,0.9504761904761905,0.9540137922799057,81
539,0.9714285714285714,0.9504761904761905,0.9483655252709198,105
540,0.970873786407767,0.9504761904761905,0.9483655252709198,103
541,0.975,0.9504761904761905,0.9506070495074006,120
542,0.9702970297029703,0.9504761904761905,0.9562553165163864,101
543,0.976,0.9504761904761905,0.9506070495074006,125
544,0.975609756097561,0.9504761904761905,0.9506070495074006,123
545,0.9897959183673469,0.9904761904761905,0.9925903056498919,98
546,0.9873417721518988,0.9904761904761905,0.9902439024390244,79
547,0.9902912621359223,0.9904761904761905,0.9845956354300384,103
548,0.9900990099009901,0.9904761904761905,0.9845956354300384,101
549,0.975,0.980952380952381,0.9747175866495507,120
550,0.9702970297029703,0.980952380952381,0.9701937771257411,101
551,0.976,0.980952380952381,0.9679967114277884,125
552,0.967479674796748,0.9761904761904763,0.9525424672793094,123
553,0.98989898989899,0.9904761904761905,0.9925903056498919,99
554,0.9875,0.9904761904761905,0.9902439024390244,80
555,0.9903846153846154,0.9904761904761905,0.9845956354300384,104
556,0.9901960784313726,0.9904761904761905,0.9845956354300384,102
557,0.9915966386554622,0.9904761904761905,0.9925903056498919,119
558,0.99,0.9904761904761905,0.9902439024390244,100
559,0.9919354838709677,0.9904761904761905,0.9845956354300384,124
560,0.9918032786885246,0.9904761904761905,0.9845956354300384,122
561,0.95,0.9308025308025307,0.9220511623592497,100
562,0.9506172839506173,0.9359307359307358,0.9300935264991746,81
563,0.9714285714285714,0.9541125541125541,0.9465505226480836,105
564,0.970873786407767,0.9541125541125541,0.9527690100430416,103
565,0.9426229508196722,0.9212787212787212,0.9062853293665272,122
566,0.941747572815534,0.9264069264069263,0.9121486643437864,103
567,0.9606299212598425,0.9445887445887445,0.9316330750641522,127
568,0.96,0.9445887445887445,0.9307481041196967,125
569,0.9504950495049505,0.9308025308025307,0.9220511623592497,101
570,0.9512195121951219,0.9359307359307358,0.9300935264991746,82
571,0.9716981132075472,0.9541125541125541,0.9465505226480836,106
572,0.9711538461538461,0.9541125541125541,0.9527690100430416,104
573,0.9586776859504132,0.9308025308025307,0.9220511623592497,121
574,0.9607843137254902,0.9359307359307358,0.9300935264991746,102
575,0.9682539682539683,0.9495670995670995,0.9396059113300493,126
576,0.9838709677419355,0.9722943722943722,0.9727188847297583,124
577,0.9770114942528736,0.96,0.9623734132078162,87
578,0.9705882352941176,0.96,0.9680216802168022,68
579,0.9565217391304348,0.9509090909090908,0.9377222504171187,92
580,0.9777777777777777,0.96,0.9623734132078162,90
581,0.963302752293578,0.9504761904761905,0.9550225463256534,109
582,0.9555555555555556,0.9504761904761905,0.9565953737430342,90
583,0.9473684210526315,0.9413852813852813,0.9309316372347445,114
584,0.9642857142857143,0.9504761904761905,0.9481959209386567,112
585,0.9772727272727273,0.96,0.9626002991976064,88
586,0.9710144927536232,0.96,0.9682485662065922,69
587,0.956989247311828,0.9509090909090908,0.9379491364069088,93
588,0.978021978021978,0.96,0.9626002991976064,91
589,0.9814814814814815,0.96,0.9648418234340872,108
590,0.9775280898876404,0.96,0.970490090443073,89
591,0.9646017699115044,0.9509090909090908,0.9401906606433895,113
592,0.9819819819819819,0.96,0.9648418234340872,111
593,1.0,1.0,1.0,86
594,1.0,1.0,1.0,67
595,0.978021978021978,0.990909090909091,0.9753488372093024,91
596,1.0,1.0,1.0,89
597,0.9814814814814815,0.9904761904761905,0.9820639898604183,108
598,0.9775280898876404,0.9904761904761905,0.9797175866495508,89
599,0.9646017699115044,0.9813852813852815,0.9576990837059005,113
600,0.9819819819819819,0.9904761904761905,0.9740693196405648,111
601,1.0,1.0,1.0,87
602,1.0,1.0,1.0,68
603,0.9782608695652174,0.990909090909091,0.9753488372093024,92
604,1.0,1.0,1.0,90
605,1.0,1.0,1.0,107
606,1.0,1.0,1.0,88
607,0.9821428571428571,0.990909090909091,0.9753488372093024,112
608,1.0,1.0,1.0,110
609,0.9545454545454546,0.9403263403263404,0.92946001367054,88
610,0.9565217391304348,0.9454545454545455,0.9398496240601503,69
611,0.946236559139785,0.9363636363636363,0.9151984612694527,93
612,0.967032967032967,0.9454545454545455,0.9378947368421052,91
613,0.9454545454545454,0.930802530802531,0.9136301097276707,110
614,0.9560439560439561,0.9541125541125541,0.9416724738675958,91
615,0.9391304347826087,0.9268398268398268,0.8996539709239457,115
616,0.9734513274336283,0.9722943722943723,0.955071825906229,113
617,0.9550561797752809,0.9403263403263404,0.92946001367054,89
618,0.9571428571428572,0.9454545454545455,0.9398496240601503,70
619,0.9468085106382979,0.9363636363636363,0.9151984612694527,94
620,0.967391304347826,0.9454545454545455,0.9378947368421052,92
621,0.9724770642201835,0.9454545454545455,0.9398496240601503,109
622,0.9666666666666667,0.9454545454545455,0.9398496240601503,90
623,0.956140350877193,0.9363636363636363,0.9151984612694527,114
624,0.9821428571428571,0.9636363636363636,0.9589473684210527,112
625,0.9772727272727273,0.96,0.9623734132078162,88
626,0.9710144927536232,0.96,0.9623734132078162,69
627,0.956989247311828,0.9509090909090908,0.9395404322353004,93
628,0.978021978021978,0.96,0.9623734132078162,91
629,0.9636363636363636,0.9504761904761905,0.9550225463256534,110
630,0.9560439560439561,0.9504761904761905,0.9504987368018438,91
631,0.9478260869565217,0.9413852813852813,0.9327498190529262,115
632,0.9646017699115044,0.9504761904761905,0.9410250525913177,113
633,0.9775280898876404,0.96,0.9626002991976064,89
634,0.9714285714285714,0.96,0.9682485662065922,70
635,0.9574468085106383,0.9509090909090908,0.9397673182250905,94
636,0.9782608695652174,0.96,0.9626002991976064,92
637,0.981651376146789,0.96,0.9648418234340872,109
638,0.9777777777777777,0.96,0.970490090443073,90
639,0.9649122807017544,0.9509090909090908,0.9420088424615713,114
640,0.9821428571428571,0.96,0.9648418234340872,112
641,1.0,1.0,1.0,87
642,1.0,1.0,1.0,68
643,0.9782608695652174,0.990909090909091,0.9771670190274842,92
644,1.0,1.0,1.0,90
645,0.981651376146789,0.9904761904761905,0.9820639898604183,109
646,0.9777777777777777,0.9904761904761905,0.9797175866495508,90
647,0.9649122807017544,0.9813852813852815,0.9595172655240823,114
648,0.9821428571428571,0.9904761904761905,0.9740693196405648,112
649,1.0,1.0,1.0,88
650,1.0,1.0,1.0,69
651,0.978494623655914,0.990909090909091,0.9771670190274842,93
652,1.0,1.0,1.0,91
653,1.0,1.0,1.0,108
654,1.0,1.0,1.0,89
655,0.9823008849557522,0.990909090909091,0.9771670190274842,113
656,1.0,1.0,1.0,111
657,0.9550561797752809,0.9403263403263404,0.92946001367054,89
658,0.9571428571428572,0.9454545454545455,0.9398496240601503,70
659,0.9468085106382979,0.9363636363636363,0.9176829333191421,94
660,0.967391304347826,0.9454545454545455,0.9388972431077693,92
661,0.9459459459459459,0.930802530802531,0.9136301097276707,111
662,0.9565217391304348,0.9541125541125541,0.9416724738675958,92
663,0.9396551724137931,0.9268398268398268,0.9021384429736351,116
664,0.9649122807017544,0.9541125541125541,0.9370267131242741,114
665,0.9555555555555556,0.9403263403263404,0.92946001367054,90
666,0.9577464788732394,0.9454545454545455,0.9398496240601503,71
667,0.9473684210526315,0.9363636363636363,0.9176829333191421,95
668,0.967741935483871,0.9454545454545455,0.9388972431077693,93
669,0.9636363636363636,0.9403263403263404,0.92946001367054,110
670,0.978021978021978,0.9636363636363636,0.96,91
671,0.9565217391304348,0.9363636363636363,0.9176829333191421,115
672,0.9734513274336283,0.9454545454545455,0.9388972431077693,113
673,0.9770114942528736,0.96,0.9623734132078162,87
674,0.9705882352941176,0.96,0.9680216802168022,68
675,0.9456521739130435,0.9463636363636363,0.9267431611069759,92
676,0.9777777777777777,0.96,0.9623734132078162,90
677,0.963302752293578,0.9504761904761905,0.9550225463256534,109
678,0.9555555555555556,0.9504761904761905,0.9565953737430342,90
679,0.9385964912280702,0.9368398268398268,0.9199568648806616,114
680,0.9642857142857143,0.9504761904761905,0.9481959209386567,112
681,0.9772727272727273,0.96,0.9626002991976064,88
682,0.9710144927536232,0.96,0.9682485662065922,69
683,0.946236559139785,0.9463636363636363,0.926970047096766,93
684,0.978021978021978,0.96,0.9626002991976064,91
685,0.9814814814814815,0.96,0.9648418234340872,108
686,0.9775280898876404,0.96,0.970490090443073,89
687,0.9646017699115044,0.9509090909090908,0.9401906606433895,113
688,0.9819819819819819,0.96,0.9648418234340872,111
689,1.0,1.0,1.0,86
690,1.0,1.0,1.0,67
691,0.967032967032967,0.9863636363636363,0.9643697478991596,91
692,1.0,1.0,1.0,89
693,0.9814814814814815,0.9904761904761905,0.9820639898604183,108
694,0.9775280898876404,0.9904761904761905,0.9797175866495508,89
695,0.9557522123893806,0.9768398268398268,0.9467218812772146,113
696,0.9819819819819819,0.9904761904761905,0.9740693196405648,111
697,1.0,1.0,1.0,87
698,1.0,1.0,1.0,68
699,0.967391304347826,0.9863636363636363,0.9643697478991596,92
700,1.0,1.0,1.0,90
701,1.0,1.0,1.0,107
702,1.0,1.0,1.0,88
703,0.9821428571428571,0.990909090909091,0.9753488372093024,112
704,1.0,1.0,1.0,110
705,0.9431818181818182,0.922144522144522,0.9060682008050429,88
706,0.9420289855072463,0.9272727272727274,0.9164578111946533,69
707,0.9354838709677419,0.9318181818181819,0.9049985927385308,93
708,0.967032967032967,0.9454545454545455,0.9378947368421052,91
709,0.9363636363636364,0.9126207126207125,0.8891856652832262,110
710,0.945054945054945,0.9359307359307361,0.9186649550706033,91
711,0.9304347826086956,0.9222943722943724,0.8894559892744806,115
712,0.9646017699115044,0.9541125541125541,0.9351219512195122,113
713,0.9438202247191011,0.922144522144522,0.9060682008050429,89
714,0.9428571428571428,0.9272727272727274,0.9164578111946533,70
715,0.9361702127659575,0.9318181818181819,0.9049985927385308,94
716,0.967391304347826,0.9454545454545455,0.9378947368421052,92
717,0.9541284403669725,0.922144522144522,0.9060682008050429,109
718,0.9666666666666667,0.9454545454545455,0.9378947368421052,90
719,0.9473684210526315,0.9318181818181819,0.9049985927385308,114
720,0.9821428571428571,0.9636363636363636,0.9589473684210527,112
721,0.9659090909090909,0.9377777777777778,0.9411536972512582,88
722,0.9565217391304348,0.9377777777777778,0.9467331648106396,69
723,0.956989247311828,0.9332323232323233,0.930196838018537,93
724,0.9560439560439561,0.9330158730158731,0.9293873335508425,91
725,0.9545454545454546,0.9282539682539683,0.9338028303690955,110
726,0.945054945054945,0.9282539682539683,0.9353068583368718,91
727,0.9478260869565217,0.9237085137085138,0.9234032486773789,115
728,0.9469026548672567,0.9234920634920636,0.9099574053790921,113
729,0.9662921348314607,0.9377777777777778,0.9413805832410483,89
730,0.9571428571428572,0.9377777777777778,0.9469600508004298,70
731,0.9574468085106383,0.9332323232323233,0.9304237240083271,94
732,0.9565217391304348,0.9330158730158731,0.9296142195406325,92
733,0.9724770642201835,0.9377777777777778,0.9436221074775292,109
734,0.9666666666666667,0.9377777777777778,0.9492015750369106,90
735,0.9649122807017544,0.9332323232323233,0.9326652482448079,114
736,0.9732142857142857,0.9552380952380952,0.952958500669344,112
737,0.9885057471264368,0.9777777777777779,0.9787114845938376,87
738,0.9852941176470589,0.9777777777777779,0.9787114845938376,68
739,0.9782608695652174,0.9732323232323232,0.9677546253611162,92
740,0.9777777777777777,0.9730158730158729,0.9658443296997513,90
741,0.9724770642201835,0.9682539682539681,0.9607754744542557,109
742,0.9666666666666667,0.9682539682539681,0.9584290712433882,90
743,0.9649122807017544,0.9637085137085137,0.9501036568204129,114
744,0.9642857142857143,0.9634920634920634,0.9410832399835911,112
745,0.9886363636363636,0.9777777777777779,0.9787114845938376,88
746,0.9855072463768116,0.9777777777777779,0.9787114845938376,69
747,0.978494623655914,0.9732323232323232,0.9677546253611162,93
748,0.978021978021978,0.9730158730158729,0.9658443296997513,91
749,0.9907407407407407,0.9777777777777779,0.9787114845938376,108
750,0.9887640449438202,0.9777777777777779,0.9787114845938376,89
751,0.9823008849557522,0.9732323232323232,0.9677546253611162,113
752,0.990990990990991,0.9952380952380953,0.9870640456563095,111
753,0.9550561797752809,0.9232323232323232,0.9188972431077694,89
754,0.9428571428571428,0.9232323232323232,0.9188972431077694,70
755,0.9468085106382979,0.9186868686868687,0.9079403838750482,94
756,0.9456521739130435,0.9184704184704184,0.908868556934505,92
757,0.9459459459459459,0.9137085137085137,0.9030664961260824,111
758,0.9347826086956522,0.9137085137085137,0.9007200929152148,92
759,0.9396551724137931,0.9091630591630592,0.8923946784922394,116
760,0.9385964912280702,0.908946608946609,0.8886430485960313,114
761,0.9555555555555556,0.9232323232323232,0.9188972431077694,90
762,0.9436619718309859,0.9232323232323232,0.9188972431077694,71
763,0.9473684210526315,0.9186868686868687,0.9079403838750482,95
764,0.946236559139785,0.9184704184704184,0.908868556934505,93
765,0.9636363636363636,0.9232323232323232,0.9188972431077694,110
766,0.9560439560439561,0.9232323232323232,0.9188972431077694,91
767,0.9565217391304348,0.9186868686868687,0.9079403838750482,115
768,0.9557522123893806,0.9184704184704184,0.908868556934505,113
769,0.9595959595959596,0.9282539682539681,0.9317969721050593,99
770,0.95,0.9282539682539681,0.9373764396644407,80
771,0.9615384615384616,0.9282539682539681,0.9317969721050593,104
772,0.9509803921568627,0.9234920634920634,0.9200306084046437,102
773,0.9504132231404959,0.9187301587301586,0.9244461052228965,121
774,0.9411764705882353,0.9187301587301586,0.9259501331906728,102
775,0.9523809523809523,0.9187301587301586,0.925001660778452,126
776,0.9435483870967742,0.9139682539682539,0.906906422683214,124
777,0.96,0.9282539682539681,0.9320238580948494,100
778,0.9506172839506173,0.9282539682539681,0.9376033256542311,81
779,0.9619047619047619,0.9282539682539681,0.9320238580948494,105
780,0.9514563106796117,0.9234920634920634,0.9202574943944338,103
781,0.9666666666666667,0.9282539682539681,0.9342653823313303,120
782,0.9603960396039604,0.9282539682539681,0.9398448498907118,101
783,0.968,0.9282539682539681,0.9342653823313303,125
784,0.959349593495935,0.9234920634920634,0.9224990186309145,123
785,0.9795918367346939,0.9682539682539681,0.9761798390242173,98
786,0.9746835443037974,0.9682539682539681,0.9738334358133496,79
787,0.9805825242718447,0.9682539682539681,0.9681851688043638,103
788,0.9702970297029703,0.9634920634920634,0.9553180139102777,101
789,0.9666666666666667,0.9587301587301587,0.958307120023876,120
790,0.9603960396039604,0.9587301587301587,0.9537833105000665,101
791,0.968,0.9587301587301587,0.9515862448021137,125
792,0.9512195121951219,0.9492063492063492,0.9246505182978616,123
793,0.9797979797979798,0.9682539682539681,0.9761798390242173,99
794,0.975,0.9682539682539681,0.9738334358133496,80
795,0.9807692307692307,0.9682539682539681,0.9681851688043638,104
796,0.9705882352941176,0.9634920634920634,0.9553180139102777,102
797,0.9831932773109243,0.9682539682539681,0.9761798390242173,119
798,0.98,0.9682539682539681,0.9738334358133496,100
799,0.9838709677419355,0.9682539682539681,0.9681851688043638,124
800,0.9754098360655737,0.9634920634920634,0.9553180139102777,122
801,0.95,0.9137085137085137,0.9163655975381492,100
802,0.9382716049382716,0.9137085137085137,0.9140191943272816,81
803,0.9523809523809523,0.9137085137085137,0.9104761904761904,105
804,0.941747572815534,0.908946608946609,0.906516290726817,103
805,0.9426229508196722,0.9041847041847042,0.9005981416957025,122
806,0.9320388349514563,0.9041847041847042,0.8960743321718931,103
807,0.9448818897637795,0.9041847041847042,0.895731903065419,127
808,0.936,0.8994227994227995,0.8862907823883435,125
809,0.9504950495049505,0.9137085137085137,0.9163655975381492,101
810,0.9390243902439024,0.9137085137085137,0.9140191943272816,82
811,0.9528301886792453,0.9137085137085137,0.9104761904761904,106
812,0.9423076923076923,0.908946608946609,0.906516290726817,104
813,0.9586776859504132,0.9137085137085137,0.9163655975381492,121
814,0.9509803921568627,0.9137085137085137,0.9140191943272816,102
815,0.9603174603174603,0.9137085137085137,0.9104761904761904,126
816,0.9516129032258065,0.908946608946609,0.906516290726817,124
817,0.9655172413793104,0.9377777777777778,0.9401511909855941,87
818,0.9558823529411765,0.9377777777777778,0.9457306585449755,68
819,0.9456521739130435,0.9286868686868687,0.9174549154129416,92
820,0.9555555555555556,0.9330158730158731,0.9283848272851782,90
821,0.9541284403669725,0.9282539682539683,0.9328003241034312,109
822,0.9444444444444444,0.9282539682539683,0.9343043520712075,90
823,0.9385964912280702,0.9191630591630592,0.9106643022305672,114
824,0.9464285714285714,0.9234920634920636,0.9081392235609103,112
825,0.9659090909090909,0.9377777777777778,0.940378076975384,88
826,0.9565217391304348,0.9377777777777778,0.9459575445347657,69
827,0.946236559139785,0.9286868686868687,0.9176818014027315,93
828,0.9560439560439561,0.9330158730158731,0.9286117132749684,91
829,0.9722222222222222,0.9377777777777778,0.9426196012118648,108
830,0.9662921348314607,0.9377777777777778,0.9481990687712465,89
831,0.9557522123893806,0.9286868686868687,0.9199233256392123,113
832,0.963963963963964,0.9330158730158731,0.9308532375114492,111
833,0.9883720930232558,0.9777777777777779,0.9777089783281735,86
834,0.9850746268656716,0.9777777777777779,0.9777089783281735,67
835,0.967032967032967,0.9686868686868687,0.9550127027555207,91
836,0.9775280898876404,0.9730158730158729,0.9648418234340872,89
837,0.9722222222222222,0.9682539682539681,0.9597729681885916,108
838,0.9662921348314607,0.9682539682539681,0.957426564977724,89
839,0.9557522123893806,0.959163059163059,0.9373629492521189,113
840,0.963963963963964,0.9634920634920634,0.9400807337179268,111
841,0.9885057471264368,0.9777777777777779,0.9777089783281735,87
842,0.9852941176470589,0.9777777777777779,0.9777089783281735,68
843,0.967391304347826,0.9686868686868687,0.9550127027555207,92
844,0.9777777777777777,0.9730158730158729,0.9648418234340872,90
845,0.9906542056074766,0.9777777777777779,0.9777089783281735,107
846,0.9886363636363636,0.9777777777777779,0.9777089783281735,88
847,0.9732142857142857,0.9686868686868687,0.9550127027555207,112
848,0.9818181818181818,0.9730158730158729,0.9648418234340872,110
849,0.9545454545454546,0.9232323232323232,0.9178947368421053,88
850,0.9420289855072463,0.9232323232323232,0.9178947368421053,69
851,0.9247311827956989,0.8959595959595958,0.8745407564012215,93
852,0.9340659340659341,0.9002886002886002,0.8855268693822911,91
853,0.9454545454545454,0.9137085137085137,0.9020639898604182,110
854,0.9340659340659341,0.9137085137085137,0.8997175866495507,91
855,0.9217391304347826,0.8864357864357864,0.8592301841843695,115
856,0.9380530973451328,0.908946608946609,0.8865879107514198,113
857,0.9550561797752809,0.9232323232323232,0.9178947368421053,89
858,0.9428571428571428,0.9232323232323232,0.9178947368421053,70
859,0.925531914893617,0.8959595959595958,0.8745407564012215,94
860,0.9347826086956522,0.9002886002886002,0.8855268693822911,92
861,0.963302752293578,0.9232323232323232,0.9178947368421053,109
862,0.9555555555555556,0.9232323232323232,0.9178947368421053,90
863,0.9385964912280702,0.8959595959595958,0.8745407564012215,114
864,0.9464285714285714,0.9002886002886002,0.8855268693822911,112
865,0.9659090909090909,0.9377777777777778,0.9411536972512582,88
866,0.9565217391304348,0.9377777777777778,0.9467331648106396,69
867,0.946236559139785,0.9286868686868687,0.9199393874626309,93
868,0.9560439560439561,0.9330158730158731,0.9293873335508425,91
869,0.9454545454545454,0.9231257631257632,0.9218511685140358,110
870,0.945054945054945,0.9282539682539683,0.9292790208452859,91
871,0.9391304347826087,0.9191630591630592,0.9131487742802566,115
872,0.9469026548672567,0.9234920634920636,0.9162631478294129,113
873,0.9662921348314607,0.9377777777777778,0.9413805832410483,89
874,0.9571428571428572,0.9377777777777778,0.9469600508004298,70
875,0.9468085106382979,0.9286868686868687,0.920166273452421,94
876,0.9565217391304348,0.9330158730158731,0.9296142195406325,92
877,0.9724770642201835,0.9377777777777778,0.9436221074775292,109
878,0.9666666666666667,0.9377777777777778,0.9492015750369106,90
879,0.956140350877193,0.9286868686868687,0.9224077976889017,114
880,0.9642857142857143,0.9330158730158731,0.9318557437771133,112
881,0.9885057471264368,0.9777777777777779,0.9787114845938376,87
882,0.9852941176470589,0.9777777777777779,0.9787114845938376,68
883,0.967391304347826,0.9686868686868687,0.9574971748052103,92
884,0.9777777777777777,0.9730158730158729,0.9658443296997513,90
885,0.9724770642201835,0.9682539682539681,0.9607754744542557,109
886,0.9666666666666667,0.9682539682539681,0.9584290712433882,90
887,0.956140350877193,0.959163059163059,0.9398474213018085,114
888,0.9642857142857143,0.9634920634920634,0.9410832399835911,112
889,0.9886363636363636,0.9777777777777779,0.9787114845938376,88
890,0.9855072463768116,0.9777777777777779,0.9787114845938376,69
891,0.967741935483871,0.9686868686868687,0.9574971748052103,93
892,0.978021978021978,0.9730158730158729,0.9658443296997513,91
893,0.9907407407407407,0.9777777777777779,0.9787114845938376,108
894,0.9887640449438202,0.9777777777777779,0.9787114845938376,89
895,0.9734513274336283,0.9686868686868687,0.9574971748052103,113
896,0.9819819819819819,0.9730158730158729,0.9658443296997513,111
897,0.9438202247191011,0.9181041181041181,0.9086807928913192,89
898,0.9428571428571428,0.9232323232323232,0.9188972431077694,70
899,0.925531914893617,0.8959595959595958,0.8775710594315246,94
900,0.9347826086956522,0.9002886002886002,0.8873450512004728,92
901,0.9369369369369369,0.9085803085803086,0.8928508889484499,111
902,0.9347826086956522,0.9137085137085137,0.9007200929152148,92
903,0.9224137931034483,0.8864357864357864,0.8622604872146725,116
904,0.9385964912280702,0.908946608946609,0.8929802332883205,114
905,0.9444444444444444,0.9181041181041181,0.9086807928913192,90
906,0.9436619718309859,0.9232323232323232,0.9188972431077694,71
907,0.9263157894736842,0.8959595959595958,0.8775710594315246,95
908,0.9354838709677419,0.9002886002886002,0.8873450512004728,93
909,0.9545454545454546,0.9181041181041181,0.9086807928913192,110
910,0.9560439560439561,0.9232323232323232,0.9188972431077694,91
911,0.9391304347826087,0.8959595959595958,0.8775710594315246,115
912,0.9469026548672567,0.9002886002886002,0.8873450512004728,113
913,0.9655172413793104,0.9377777777777778,0.9401511909855941,87
914,0.9558823529411765,0.9377777777777778,0.9457306585449755,68
915,0.9347826086956522,0.9241414141414142,0.9072550468820196,92
916,0.9555555555555556,0.9330158730158731,0.9283848272851782,90
917,0.9541284403669725,0.9282539682539683,0.9328003241034312,109
918,0.9444444444444444,0.9282539682539683,0.9343043520712075,90
919,0.9298245614035088,0.9146176046176047,0.9004687506557054,114
920,0.9464285714285714,0.9234920634920636,0.9152606415637488,112
921,0.9659090909090909,0.9377777777777778,0.940378076975384,88
922,0.9565217391304348,0.9377777777777778,0.9459575445347657,69
923,0.9354838709677419,0.9241414141414142,0.9074819328718098,93
924,0.9560439560439561,0.9330158730158731,0.9286117132749684,91
925,0.9722222222222222,0.9377777777777778,0.9426196012118648,108
926,0.9662921348314607,0.9377777777777778,0.9481990687712465,89
927,0.9557522123893806,0.9286868686868687,0.9199233256392123,113
928,0.963963963963964,0.9330158730158731,0.9308532375114492,111
929,0.9883720930232558,0.9777777777777779,0.9777089783281735,86
930,0.9850746268656716,0.9777777777777779,0.9777089783281735,67
931,0.9560439560439561,0.9641414141414142,0.9448128342245988,91
932,0.9775280898876404,0.9730158730158729,0.9648418234340872,89
933,0.9722222222222222,0.9682539682539681,0.9597729681885916,108
934,0.9662921348314607,0.9682539682539681,0.957426564977724,89
935,0.9469026548672567,0.9546176046176045,0.9271649676026538,113
936,0.963963963963964,0.9634920634920634,0.9400807337179268,111
937,0.9885057471264368,0.9777777777777779,0.9777089783281735,87
938,0.9852941176470589,0.9777777777777779,0.9777089783281735,68
939,0.9565217391304348,0.9641414141414142,0.9448128342245988,92
940,0.9777777777777777,0.9730158730158729,0.9648418234340872,90
941,0.9906542056074766,0.9777777777777779,0.9777089783281735,107
942,0.9886363636363636,0.9777777777777779,0.9777089783281735,88
943,0.9732142857142857,0.9686868686868687,0.9550127027555207,112
944,0.9818181818181818,0.9730158730158729,0.9648418234340872,110
945,0.9431818181818182,0.905050505050505,0.8955555555555555,88
946,0.927536231884058,0.905050505050505,0.8955555555555555,69
947,0.9139784946236559,0.8914141414141413,0.8650184711565785,93
948,0.9340659340659341,0.9002886002886002,0.8855268693822911,91
949,0.9272727272727272,0.8903984903984904,0.8693588254563863,110
950,0.9230769230769231,0.8955266955266955,0.8772280294231514,91
951,0.9130434782608695,0.8818903318903318,0.8497097858211833,115
952,0.9292035398230089,0.8907647907647908,0.8651509851039677,113
953,0.9438202247191011,0.905050505050505,0.8955555555555555,89
954,0.9285714285714286,0.905050505050505,0.8955555555555555,70
955,0.9148936170212766,0.8914141414141413,0.8650184711565785,94
956,0.9347826086956522,0.9002886002886002,0.8855268693822911,92
957,0.9541284403669725,0.905050505050505,0.8955555555555555,109
958,0.9444444444444444,0.905050505050505,0.8955555555555555,90
959,0.9298245614035088,0.8914141414141413,0.8650184711565785,114
960,0.9464285714285714,0.9002886002886002,0.8855268693822911,112
961,0.9578947368421052,0.9349999999999999,0.9444694506960072,95
962,0.9605263157894737,0.9475,0.9569243065702546,76
963,0.9,0.8679545454545454,0.8710833228074607,100
964,0.9693877551020408,0.9475,0.9557539682539682,98
965,0.9572649572649573,0.9379761904761905,0.9507539682539681,117
966,0.9489795918367347,0.9379761904761905,0.9459154310300832,98
967,0.9098360655737705,0.8788852813852813,0.8894109076596484,122
968,0.9583333333333334,0.9379761904761905,0.9404902932330288,120
969,0.96875,0.9475,0.9561868686868686,96
970,0.961038961038961,0.9475,0.9573572070031551,77
971,0.9504950495049505,0.9304545454545454,0.9332669456362449,101
972,0.9696969696969697,0.9475,0.9561868686868686,99
973,0.9741379310344828,0.9475,0.9605158730158732,116
974,0.9690721649484536,0.9475,0.9616862113321595,97
975,0.9173553719008265,0.8759090909090907,0.8873626078747584,121
976,0.9747899159663865,0.9475,0.9605158730158732,119
977,0.9787234042553191,0.975,0.9771428571428572,94
978,0.9866666666666667,0.9875,0.9886703383162864,75
979,0.9191919191919192,0.9079545454545455,0.9023901058589245,99
980,0.9896907216494846,0.9875,0.9886703383162864,97
981,0.9741379310344828,0.9779761904761906,0.9732615100750296,116
982,0.9690721649484536,0.9779761904761906,0.970915106864162,97
983,0.9256198347107438,0.9188852813852815,0.9112663232445447,121
984,0.9747899159663865,0.9779761904761906,0.9697447685478757,119
985,0.9894736842105263,0.9875,0.9888972243060765,95
986,0.9868421052631579,0.9875,0.9888972243060765,76
987,0.96,0.965909090909091,0.9547427766032417,100
988,0.9897959183673469,0.9875,0.9888972243060765,98
989,0.991304347826087,0.9875,0.9911387485425573,115
990,0.9895833333333334,0.9875,0.9911387485425573,96
991,0.9333333333333333,0.915909090909091,0.9173768092372743,120
992,0.9915254237288136,0.9875,0.9911387485425573,118
993,0.9270833333333334,0.9068181818181819,0.9125373821025995,96
994,0.922077922077922,0.9193181818181818,0.9253968253968253,77
995,0.8613861386138614,0.8238636363636364,0.8165456854738198,101
996,0.9696969696969697,0.9568181818181818,0.9615975422427037,99
997,0.9661016949152542,0.9597943722943724,0.9595576205859111,118
998,0.9595959595959596,0.9597943722943724,0.9572112173750433,99
999,0.9024390243902439,0.8643398268398268,0.865496342737722,123
1000,0.9669421487603306,0.9597943722943724,0.956407447973713,121
1001,0.979381443298969,0.9693181818181819,0.9733250276854928,97
1002,0.9743589743589743,0.9693181818181819,0.9733250276854928,78
1003,0.9117647058823529,0.8863636363636364,0.8830354769886564,102
1004,0.98,0.9693181818181819,0.9733250276854928,100
1005,0.9743589743589743,0.9568181818181818,0.9663594470046084,117
1006,0.9591836734693877,0.9386363636363637,0.9502380952380953,98
1007,0.8852459016393442,0.8238636363636364,0.8335001595711511,122
1008,0.975,0.9511363636363637,0.9594085432639649,120
1009,0.9528301886792453,0.9254761904761905,0.9302346767693207,106
1010,0.9425287356321839,0.9254761904761905,0.9313781333651769,87
1011,0.8918918918918919,0.845930735930736,0.8478636986555058,111
1012,0.963302752293578,0.9379761904761905,0.9415191943272816,109
1013,0.953125,0.928452380952381,0.9365191943272816,128
1014,0.944954128440367,0.928452380952381,0.9316806571033964,109
1015,0.9097744360902256,0.8614069264069265,0.8799746841852105,133
1016,0.9541984732824428,0.928452380952381,0.9334811072159248,131
1017,0.9626168224299065,0.9379761904761905,0.9419520947601822,107
1018,0.9545454545454546,0.9379761904761905,0.9431224330764685,88
1019,0.9107142857142857,0.870930735930736,0.8761751121097763,112
1020,0.9636363636363636,0.9379761904761905,0.9419520947601822,110
1021,0.968503937007874,0.9379761904761905,0.9462810990891863,127
1022,0.9537037037037037,0.9254761904761905,0.9382727982078582,108
1023,0.9090909090909091,0.845930735930736,0.8648181727528369,132
1024,0.9692307692307692,0.9379761904761905,0.9462810990891863,130
1025,0.9714285714285714,0.9654761904761905,0.9697331627927491,105
1026,0.9651162790697675,0.9654761904761905,0.9673867595818816,86
1027,0.9090909090909091,0.885930735930736,0.8776510241120041,110
1028,0.9814814814814815,0.9779761904761906,0.9732659737463247,108
1029,0.968503937007874,0.9684523809523811,0.965915106864162,127
1030,0.9629629629629629,0.9684523809523811,0.9613912973403526,108
1031,0.9242424242424242,0.9014069264069265,0.9015950715950716,132
1032,0.9692307692307692,0.9684523809523811,0.9553930355568616,130
1033,0.9811320754716981,0.9779761904761906,0.9814875299559684,106
1034,0.9770114942528736,0.9779761904761906,0.9791411267451009,87
1035,0.9279279279279279,0.910930735930736,0.906497177958158,111
1036,0.981651376146789,0.9779761904761906,0.9734928597361151,109
1037,0.9841269841269841,0.9779761904761906,0.9837290541924493,126
1038,0.9719626168224299,0.9654761904761905,0.9721486643437863,107
1039,0.9236641221374046,0.885930735930736,0.8932065796675597,131
1040,0.9844961240310077,0.9779761904761906,0.9757343839725958,129
1041,0.9252336448598131,0.8972943722943721,0.9051276877524914,107
1042,0.8977272727272727,0.8791125541125542,0.8870140887744281,88
1043,0.8571428571428571,0.7938852813852814,0.7883734183328504,112
1044,0.9454545454545454,0.9222943722943722,0.9305806237167242,110
1045,0.9612403100775194,0.9502705627705627,0.9522112173750434,129
1046,0.9545454545454546,0.9502705627705627,0.9476874078512338,110
1047,0.9029850746268657,0.8468614718614719,0.8580609046126287,134
1048,0.9621212121212122,0.9502705627705627,0.9491764580167548,132
1049,0.9722222222222222,0.9597943722943721,0.9659153333353847,108
1050,0.9550561797752809,0.9416125541125542,0.9474109214665084,89
1051,0.9026548672566371,0.8563852813852814,0.8611083743842365,113
1052,0.963963963963964,0.9416125541125542,0.9437175416755679,111
1053,0.953125,0.9166125541125542,0.9332734176043512,128
1054,0.9357798165137615,0.9041125541125542,0.920941576857629,109
1055,0.8796992481203008,0.7938852813852814,0.8140292079171536,133
1056,0.9618320610687023,0.9291125541125542,0.9430071052811367,131
1057,0.9574468085106383,0.9349999999999999,0.9444694506960072,94
1058,0.96,0.9475,0.9569243065702546,75
1059,0.8787878787878788,0.8588636363636363,0.8472757308051426,99
1060,0.9690721649484536,0.9475,0.9557539682539682,97
1061,0.9568965517241379,0.9379761904761905,0.9507539682539681,116
1062,0.9484536082474226,0.9379761904761905,0.9459154310300832,97
1063,0.9008264462809917,0.8743398268398268,0.8766208886898541,121
1064,0.957983193277311,0.9379761904761905,0.9477158811426113,119
1065,0.968421052631579,0.9475,0.9561868686868686,95
1066,0.9605263157894737,0.9475,0.9573572070031551,76
1067,0.94,0.9338636363636363,0.9205566165860283,100
1068,0.9693877551020408,0.9475,0.9561868686868686,98
1069,0.9739130434782609,0.9475,0.9605158730158732,115
1070,0.96875,0.9475,0.9616862113321595,96
1071,0.9083333333333333,0.8713636363636363,0.8745653367464339,120
1072,0.9745762711864406,0.9475,0.9605158730158732,118
1073,0.978494623655914,0.975,0.9771428571428572,93
1074,0.9864864864864865,0.9875,0.9886703383162864,74
1075,0.8979591836734694,0.8988636363636363,0.8785825138566065,98
1076,0.9895833333333334,0.9875,0.9886703383162864,96
1077,0.9739130434782609,0.9779761904761906,0.9732615100750296,115
1078,0.96875,0.9779761904761906,0.970915106864162,96
1079,0.9166666666666666,0.9143398268398268,0.8984709389976768,120
1080,0.9745762711864406,0.9779761904761906,0.9697447685478757,118
1081,0.9893617021276596,0.9875,0.9888972243060765,94
1082,0.9866666666666667,0.9875,0.9888972243060765,75
1083,0.9595959595959596,0.9738636363636364,0.9532669722052362,99
1084,0.9896907216494846,0.9875,0.9888972243060765,97
1085,0.9912280701754386,0.9875,0.9911387485425573,114
1086,0.9894736842105263,0.9875,0.9911387485425573,95
1087,0.9327731092436975,0.915909090909091,0.9155586274190926,119
1088,0.9914529914529915,0.9875,0.9911387485425573,117
1089,0.9263157894736842,0.9068181818181819,0.9125373821025995,95
1090,0.9078947368421053,0.9011363636363636,0.9095019157088122,76
1091,0.86,0.8238636363636364,0.814727503655638,100
1092,0.9591836734693877,0.9386363636363637,0.9454761904761904,98
1093,0.9658119658119658,0.9597943722943724,0.9595576205859111,117
1094,0.9591836734693877,0.9597943722943724,0.9572112173750433,98
1095,0.9016393442622951,0.8643398268398268,0.8636781609195403,122
1096,0.9583333333333334,0.9416125541125542,0.940670244001215,120
1097,0.9791666666666666,0.9693181818181819,0.9733250276854928,96
1098,0.961038961038961,0.9511363636363637,0.957167019027484,77
1099,0.9207920792079208,0.8988636363636363,0.8929365565075479,101
1100,0.9696969696969697,0.9511363636363637,0.957167019027484,99
1101,0.9655172413793104,0.9386363636363637,0.9502380952380953,116
1102,0.9587628865979382,0.9386363636363637,0.9502380952380953,97
1103,0.8925619834710744,0.8363636363636363,0.8445106305816219,121
1104,0.9747899159663865,0.9511363636363637,0.9594085432639649,119
1105,0.968421052631579,0.9475,0.9557539682539682,95
1106,0.9605263157894737,0.9475,0.9569243065702546,76
1107,0.89,0.8634090909090908,0.8600730019334669,100
1108,0.9693877551020408,0.9475,0.9557539682539682,98
1109,0.9572649572649573,0.9379761904761905,0.9507539682539681,117
1110,0.9489795918367347,0.9379761904761905,0.9440953737430341,98
1111,0.9180327868852459,0.8913852813852813,0.8999237575469972,122
1112,0.9583333333333334,0.9379761904761905,0.9477158811426113,120
1113,0.96875,0.9475,0.9561868686868686,96
1114,0.961038961038961,0.9475,0.9573572070031551,77
1115,0.9504950495049505,0.9384090909090907,0.9333538877143528,101
1116,0.9696969696969697,0.9475,0.9561868686868686,99
1117,0.9741379310344828,0.9475,0.9605158730158732,116
1118,0.9690721649484536,0.9475,0.9616862113321595,97
1119,0.9173553719008265,0.8759090909090907,0.8873626078747584,121
1120,0.9747899159663865,0.9475,0.9605158730158732,119
1121,0.9893617021276596,0.9875,0.9886703383162864,94
1122,0.9866666666666667,0.9875,0.9886703383162864,75
1123,0.9090909090909091,0.903409090909091,0.891379784984931,99
1124,0.9896907216494846,0.9875,0.9886703383162864,97
1125,0.9741379310344828,0.9779761904761906,0.9732615100750296,116
1126,0.9690721649484536,0.9779761904761906,0.970915106864162,97
1127,0.9338842975206612,0.9313852813852815,0.9218703973610486,121
1128,0.9747899159663865,0.9779761904761906,0.9697447685478757,119
1129,0.9894736842105263,0.9875,0.9888972243060765,95
1130,0.9868421052631579,0.9875,0.9888972243060765,76
1131,0.97,0.978409090909091,0.9660642433335607,100
1132,0.9897959183673469,0.9875,0.9888972243060765,98
1133,0.991304347826087,0.9875,0.9911387485425573,115
1134,0.9895833333333334,0.9875,0.9911387485425573,96
1135,0.9333333333333333,0.915909090909091,0.9173768092372743,120
1136,0.9915254237288136,0.9875,0.9911387485425573,118
1137,0.9166666666666666,0.9016899766899767,0.9046489742141917,96
1138,0.9090909090909091,0.9011363636363636,0.9095019157088122,77
1139,0.8613861386138614,0.8238636363636364,0.8165456854738198,101
1140,0.9595959595959596,0.9386363636363637,0.9454761904761904,99
1141,0.9491525423728814,0.9364843489843491,0.9355420388730098,118
1142,0.9494949494949495,0.9416125541125542,0.9411397888036148,99
1143,0.9105691056910569,0.8768398268398269,0.8758068513993702,123
1144,0.9586776859504132,0.9416125541125542,0.9397178630488341,121
1145,0.9690721649484536,0.9641899766899767,0.9650458069062721,97
1146,0.9615384615384616,0.9511363636363637,0.957167019027484,78
1147,0.9215686274509803,0.8988636363636363,0.8947547383257298,102
1148,0.97,0.9511363636363637,0.957167019027484,100
1149,0.9658119658119658,0.9460081585081586,0.9514635470836745,117
1150,0.9591836734693877,0.9386363636363637,0.9502380952380953,98
1151,0.8934426229508197,0.8363636363636363,0.8463288123998037,122
1152,0.975,0.9511363636363637,0.9594085432639649,120
1153,0.9574468085106383,0.9349999999999999,0.9444694506960072,94
1154,0.96,0.9475,0.9569243065702546,75
1155,0.8787878787878788,0.8588636363636363,0.8472757308051426,99
1156,0.9690721649484536,0.9475,0.9557539682539682,97
1157,0.9568965517241379,0.9379761904761905,0.9507539682539681,116
1158,0.9484536082474226,0.9379761904761905,0.9459154310300832,97
1159,0.9008264462809917,0.8743398268398268,0.8766208886898541,121
1160,0.957983193277311,0.9379761904761905,0.9477158811426113,119
1161,0.968421052631579,0.9475,0.9561868686868686,95
1162,0.9605263157894737,0.9475,0.9573572070031551,76
1163,0.93,0.9213636363636363,0.9094593536339268,100
1164,0.9693877551020408,0.9475,0.9561868686868686,98
1165,0.9739130434782609,0.9475,0.9605158730158732,115
1166,0.96875,0.9475,0.9616862113321595,96
1167,0.9083333333333333,0.8713636363636363,0.8745653367464339,120
1168,0.9745762711864406,0.9475,0.9605158730158732,118
1169,0.978494623655914,0.975,0.9771428571428572,93
1170,0.9864864864864865,0.9875,0.9886703383162864,74
1171,0.8979591836734694,0.8988636363636363,0.8785825138566065,98
1172,0.9895833333333334,0.9875,0.9886703383162864,96
1173,0.9739130434782609,0.9779761904761906,0.9732615100750296,115
1174,0.96875,0.9779761904761906,0.970915106864162,96
1175,0.9166666666666666,0.9143398268398268,0.8984709389976768,120
1176,0.9745762711864406,0.9779761904761906,0.9697447685478757,118
1177,0.9893617021276596,0.9875,0.9888972243060765,94
1178,0.9866666666666667,0.9875,0.9888972243060765,75
1179,0.9595959595959596,0.9738636363636364,0.9532669722052362,99
1180,0.9896907216494846,0.9875,0.9888972243060765,97
1181,0.9912280701754386,0.9875,0.9911387485425573,114
1182,0.9894736842105263,0.9875,0.9911387485425573,95
1183,0.9243697478991597,0.9113636363636364,0.9045795381089498,119
1184,0.9914529914529915,0.9875,0.9911387485425573,117
1185,0.9263157894736842,0.9068181818181819,0.9125373821025995,95
1186,0.8947368421052632,0.8886363636363637,0.8967701863354037,76
1187,0.85,0.8193181818181818,0.8037484143454952,100
1188,0.9591836734693877,0.9386363636363637,0.9454761904761904,98
1189,0.9658119658119658,0.9597943722943724,0.957689313454446,117
1190,0.9489795918367347,0.9416125541125542,0.9391849015855698,98
1191,0.9016393442622951,0.8722943722943723,0.8630114671525023,122
1192,0.9583333333333334,0.9416125541125542,0.9387153567831698,120
1193,0.9791666666666666,0.9693181818181819,0.9733250276854928,96
1194,0.961038961038961,0.9511363636363637,0.957167019027484,77
1195,0.9108910891089109,0.8943181818181818,0.8819574671974053,101
1196,0.9696969696969697,0.9511363636363637,0.957167019027484,99
1197,0.9655172413793104,0.9386363636363637,0.9502380952380953,116
1198,0.9587628865979382,0.9386363636363637,0.9502380952380953,97
1199,0.8842975206611571,0.8318181818181818,0.8335315412714793,121
1200,0.9747899159663865,0.9511363636363637,0.9594085432639649,119
1201,0.979381443298969,0.96,0.9674943235918846,97
1202,0.9615384615384616,0.9488888888888889,0.956910569105691,78
1203,0.9509803921568627,0.9332323232323233,0.9394914892969155,102
1204,0.95,0.9266666666666667,0.9424737655084462,100
1205,0.9663865546218487,0.9504761904761905,0.9601434567097218,119
1206,0.94,0.9282539682539683,0.9352241867904517,100
1207,0.9435483870967742,0.9237085137085138,0.9328931844594495,124
1208,0.9426229508196722,0.9171428571428573,0.9284047317357027,122
1209,0.9795918367346939,0.96,0.9677212095816747,98
1210,0.9620253164556962,0.9488888888888889,0.9578885197489848,79
1211,0.9514563106796117,0.9332323232323233,0.9397183752867055,103
1212,0.9504950495049505,0.9266666666666667,0.9427006514982363,101
1213,0.9830508474576272,0.96,0.9699627338181556,118
1214,0.9595959595959596,0.9377777777777778,0.9496499449691148,99
1215,0.959349593495935,0.9332323232323233,0.9419598995231864,123
1216,0.9586776859504132,0.9266666666666667,0.9449421757347171,121
1217,1.0,1.0,1.0,96
1218,0.987012987012987,0.9888888888888889,0.9894076655052265,77
1219,0.9702970297029703,0.9732323232323232,0.9719699115601296,101
1220,0.9696969696969697,0.9666666666666668,0.974921630094044,99
1221,0.9830508474576272,0.9904761904761905,0.9820639898604183,118
1222,0.9595959595959596,0.9682539682539681,0.9588774411755926,99
1223,0.959349593495935,0.9637085137085137,0.9544182311349871,123
1224,0.9586776859504132,0.9571428571428571,0.9573229081573112,121
1225,1.0,1.0,1.0,97
1226,0.9871794871794872,0.9888888888888889,0.9894076655052265,78
1227,0.9705882352941176,0.9732323232323232,0.9719699115601296,102
1228,0.97,0.9666666666666668,0.974921630094044,100
1229,1.0,1.0,1.0,117
1230,0.9795918367346939,0.9777777777777779,0.9787114845938376,98
1231,0.9754098360655737,0.9732323232323232,0.9719699115601296,122
1232,0.975,0.9666666666666668,0.974921630094044,120
1233,0.9693877551020408,0.9454545454545455,0.9530364372469636,98
1234,0.9367088607594937,0.9161616161616163,0.9250364811340421,79
1235,0.9320388349514563,0.8934343434343435,0.8928081722199369,103
1236,0.9405940594059405,0.905050505050505,0.9193254453964368,101
1237,0.95,0.9248196248196248,0.923918626451897,120
1238,0.9207920792079208,0.8955266955266955,0.8969579365316298,101
1239,0.928,0.883910533910534,0.8778908676962939,125
1240,0.926829268292683,0.8844155844155844,0.895561625343397,123
1241,0.9595959595959596,0.9343434343434343,0.9389473684210528,99
1242,0.9375,0.9161616161616163,0.9250364811340421,80
1243,0.9326923076923077,0.8934343434343435,0.8928081722199369,104
1244,0.9411764705882353,0.905050505050505,0.9193254453964368,102
1245,0.957983193277311,0.9161616161616163,0.9275048913603129,119
1246,0.95,0.9161616161616163,0.9250364811340421,100
1247,0.9596774193548387,0.9297979797979797,0.9332991569833675,124
1248,0.9508196721311475,0.9121212121212121,0.9281911675741077,122
1249,0.9722222222222222,0.9504761904761905,0.9532595496651979,108
1250,0.9438202247191011,0.9282539682539681,0.9319982884039366,89
1251,0.9557522123893806,0.9282539682539681,0.9370776534833016,113
1252,0.9459459459459459,0.917142857142857,0.9282389915817595,111
1253,0.9615384615384616,0.940952380952381,0.9459086827830351,130
1254,0.9369369369369369,0.9187301587301586,0.9209894128637652,111
1255,0.9481481481481482,0.9187301587301586,0.9304755788716703,135
1256,0.9398496240601504,0.9076190476190475,0.9215487213675548,133
1257,0.9724770642201835,0.9504761904761905,0.953486435654988,109
1258,0.9444444444444444,0.9282539682539681,0.9331736468059475,90
1259,0.956140350877193,0.9282539682539681,0.9373045394730918,114
1260,0.9464285714285714,0.917142857142857,0.9284658775715495,112
1261,0.9767441860465116,0.9504761904761905,0.9557279598914687,129
1262,0.9545454545454546,0.9282539682539681,0.9354151710424283,110
1263,0.9626865671641791,0.9282539682539681,0.9395460637095725,134
1264,0.9545454545454546,0.917142857142857,0.9307074018080304,132
1265,0.9906542056074766,0.9904761904761905,0.9925903056498919,107
1266,0.9659090909090909,0.9682539682539681,0.9694037569650662,88
1267,0.9732142857142857,0.9682539682539681,0.9683864851032411,112
1268,0.9636363636363636,0.9571428571428571,0.9678492239467851,110
1269,0.9767441860465116,0.980952380952381,0.9747175866495507,129
1270,0.9545454545454546,0.9587301587301587,0.9497710625853795,110
1271,0.9626865671641791,0.9587301587301587,0.9518857899632648,134
1272,0.9545454545454546,0.9476190476190476,0.9502998134115528,132
1273,0.9907407407407407,0.9904761904761905,0.9925903056498919,108
1274,0.9662921348314607,0.9682539682539681,0.9694037569650662,89
1275,0.9734513274336283,0.9682539682539681,0.9683864851032411,113
1276,0.963963963963964,0.9571428571428571,0.9678492239467851,111
1277,0.9921875,0.9904761904761905,0.9925903056498919,128
1278,0.9724770642201835,0.9682539682539681,0.9694037569650662,109
1279,0.9774436090225563,0.9682539682539681,0.9683864851032411,133
1280,0.9694656488549618,0.9571428571428571,0.9678492239467851,131
1281,0.9541284403669725,0.9248196248196248,0.9315376740709447,109
1282,0.9333333333333333,0.9066378066378066,0.9155126716102325,90
1283,0.9473684210526315,0.9066378066378066,0.9146021556198821,114
1284,0.9285714285714286,0.8844155844155843,0.9037487598463209,112
1285,0.9465648854961832,0.9152958152958153,0.9165722232410294,131
1286,0.9196428571428571,0.886002886002886,0.8878515579414167,112
1287,0.9485294117647058,0.9152958152958153,0.9171277787965849,136
1288,0.9253731343283582,0.8748917748917748,0.8885385305976383,134
1289,0.9545454545454546,0.9248196248196248,0.9315376740709447,110
1290,0.9340659340659341,0.9066378066378066,0.9155126716102325,91
1291,0.9478260869565217,0.9066378066378066,0.9146021556198821,115
1292,0.9292035398230089,0.8844155844155843,0.9037487598463209,113
1293,0.9538461538461539,0.9066378066378066,0.920095197010205,130
1294,0.9459459459459459,0.9066378066378066,0.9155126716102325,111
1295,0.9629629629629629,0.9248196248196248,0.9318221286293289,135
1296,0.9473684210526315,0.9025974025974026,0.9211187614268488,133
1297,0.9791666666666666,0.96,0.9674943235918846,96
1298,0.961038961038961,0.9488888888888889,0.956910569105691,77
1299,0.9405940594059405,0.9286868686868687,0.9266659627635239,101
1300,0.9494949494949495,0.9266666666666667,0.9424737655084462,99
1301,0.9661016949152542,0.9504761904761905,0.9601434567097218,118
1302,0.9393939393939394,0.9282539682539683,0.9352241867904517,99
1303,0.9349593495934959,0.9191630591630592,0.9200726716389367,123
1304,0.9421487603305785,0.9171428571428573,0.9357834952942415,121
1305,0.979381443298969,0.96,0.9677212095816747,97
1306,0.9615384615384616,0.9488888888888889,0.9578885197489848,78
1307,0.9411764705882353,0.9286868686868687,0.9268928487533138,102
1308,0.95,0.9266666666666667,0.9427006514982363,100
1309,0.9829059829059829,0.96,0.9699627338181556,117
1310,0.9591836734693877,0.9377777777777778,0.9496499449691148,98
1311,0.9508196721311475,0.9286868686868687,0.9291343729897946,122
1312,0.9583333333333334,0.9266666666666667,0.9449421757347171,120
1313,1.0,1.0,1.0,95
1314,0.9868421052631579,0.9888888888888889,0.9894076655052265,76
1315,0.96,0.9686868686868687,0.959144385026738,100
1316,0.9693877551020408,0.9666666666666668,0.974921630094044,98
1317,0.9829059829059829,0.9904761904761905,0.9820639898604183,117
1318,0.9591836734693877,0.9682539682539681,0.9588774411755926,98
1319,0.9508196721311475,0.959163059163059,0.9415949744915058,122
1320,0.9583333333333334,0.9571428571428571,0.9573229081573112,120
1321,1.0,1.0,1.0,96
1322,0.987012987012987,0.9888888888888889,0.9894076655052265,77
1323,0.9603960396039604,0.9686868686868687,0.959144385026738,101
1324,0.9696969696969697,0.9666666666666668,0.974921630094044,99
1325,1.0,1.0,1.0,116
1326,0.979381443298969,0.9777777777777779,0.9787114845938376,97
1327,0.9669421487603306,0.9686868686868687,0.959144385026738,121
1328,0.9747899159663865,0.9666666666666668,0.974921630094044,119
1329,0.9587628865979382,0.9272727272727274,0.9355555555555555,97
1330,0.9358974358974359,0.9161616161616163,0.9250364811340421,78
1331,0.9215686274509803,0.888888888888889,0.8800674646516432,102
1332,0.93,0.8939393939393939,0.9108211659935798,100
1333,0.9411764705882353,0.9066378066378066,0.9069492800088662,119
1334,0.92,0.8955266955266955,0.8969579365316298,100
1335,0.9193548387096774,0.8793650793650795,0.8651519212494823,124
1336,0.9262295081967213,0.8844155844155844,0.8932224440568473,122
1337,0.9591836734693877,0.9272727272727274,0.9355555555555555,98
1338,0.9367088607594937,0.9161616161616163,0.9250364811340421,79
1339,0.9223300970873787,0.888888888888889,0.8800674646516432,103
1340,0.9405940594059405,0.905050505050505,0.9193254453964368,101
1341,0.9576271186440678,0.9161616161616163,0.9275048913603129,118
1342,0.9494949494949495,0.9161616161616163,0.9250364811340421,99
1343,0.943089430894309,0.9070707070707071,0.8990349436810418,123
1344,0.9504132231404959,0.9121212121212121,0.9281911675741077,121
1345,0.979381443298969,0.96,0.9674943235918846,97
1346,0.9615384615384616,0.9488888888888889,0.956910569105691,78
1347,0.9411764705882353,0.9286868686868687,0.9284841445817055,102
1348,0.96,0.9377777777777778,0.9511057090637351,100
1349,0.9663865546218487,0.9504761904761905,0.9601434567097218,119
1350,0.94,0.9282539682539683,0.9352241867904517,100
1351,0.9354838709677419,0.9191630591630592,0.9218908534571184,124
1352,0.9426229508196722,0.9171428571428573,0.9284047317357027,122
1353,0.9795918367346939,0.96,0.9677212095816747,98
1354,0.9620253164556962,0.9488888888888889,0.9571374550954811,79
1355,0.941747572815534,0.9286868686868687,0.9287110305714957,103
1356,0.9603960396039604,0.9377777777777778,0.9513325950535252,101
1357,0.9830508474576272,0.96,0.9699627338181556,118
1358,0.9696969696969697,0.9488888888888889,0.9601300439854656,99
1359,0.9512195121951219,0.9286868686868687,0.9309525548079766,123
1360,0.9586776859504132,0.9266666666666667,0.9449421757347171,121
1361,1.0,1.0,1.0,96
1362,0.987012987012987,0.9888888888888889,0.9894076655052265,77
1363,0.9603960396039604,0.9686868686868687,0.9609625668449198,101
1364,0.9797979797979798,0.9777777777777779,0.9835841313269494,99
1365,0.9830508474576272,0.9904761904761905,0.9820639898604183,118
1366,0.9595959595959596,0.9682539682539681,0.9588774411755926,99
1367,0.9512195121951219,0.959163059163059,0.9434131563096875,123
1368,0.9586776859504132,0.9571428571428571,0.9573229081573112,121
1369,1.0,1.0,1.0,97
1370,0.9871794871794872,0.9888888888888889,0.9894076655052265,78
1371,0.9607843137254902,0.9686868686868687,0.9609625668449198,102
1372,0.98,0.9777777777777779,0.9835841313269494,100
1373,1.0,1.0,1.0,117
1374,0.9795918367346939,0.9777777777777779,0.9787114845938376,98
1375,0.9672131147540983,0.9686868686868687,0.9609625668449198,122
1376,0.975,0.9666666666666668,0.974921630094044,120
1377,0.9591836734693877,0.9272727272727274,0.9355555555555555,98
1378,0.9493670886075949,0.9272727272727274,0.9355555555555555,79
1379,0.9223300970873787,0.888888888888889,0.8825519367013326,103
1380,0.9405940594059405,0.905050505050505,0.9193254453964368,101
1381,0.9416666666666667,0.9066378066378066,0.9069492800088662,120
1382,0.9207920792079208,0.8955266955266955,0.8969579365316298,101
1383,0.92,0.8793650793650795,0.8676363932991716,125
1384,0.9349593495934959,0.8955266955266955,0.9026781981586993,123
1385,0.9595959595959596,0.9272727272727274,0.9355555555555555,99
1386,0.95,0.9272727272727274,0.9355555555555555,80
1387,0.9230769230769231,0.888888888888889,0.8825519367013326,104
1388,0.9411764705882353,0.905050505050505,0.9193254453964368,102
1389,0.957983193277311,0.9161616161616163,0.9275048913603129,119
1390,0.96,0.9272727272727274,0.9355555555555555,100
1391,0.9354838709677419,0.888888888888889,0.8825519367013326,124
1392,0.9426229508196722,0.8939393939393939,0.9108211659935798,122
1393,0.9791666666666666,0.96,0.9674943235918846,96
1394,0.961038961038961,0.9488888888888889,0.956910569105691,77
1395,0.9306930693069307,0.9241414141414142,0.9156911904094411,101
1396,0.9494949494949495,0.9266666666666667,0.9424737655084462,99
1397,0.9661016949152542,0.9504761904761905,0.9601434567097218,118
1398,0.9393939393939394,0.9282539682539683,0.9352241867904517,99
1399,0.926829268292683,0.9146176046176047,0.9091042393221898,123
1400,0.9421487603305785,0.9171428571428573,0.9357834952942415,121
1401,0.979381443298969,0.96,0.9677212095816747,97
1402,0.9615384615384616,0.9488888888888889,0.9571374550954811,78
1403,0.9313725490196079,0.9241414141414142,0.9159180763992311,102
1404,0.95,0.9266666666666667,0.9427006514982363,100
1405,0.9829059829059829,0.96,0.9699627338181556,117
1406,0.9693877551020408,0.9488888888888889,0.9601300439854656,98
1407,0.9426229508196722,0.9241414141414142,0.9181596006357118,122
1408,0.9583333333333334,0.9266666666666667,0.9449421757347171,120
1409,1.0,1.0,1.0,95
1410,0.9868421052631579,0.9888888888888889,0.9894076655052265,76
1411,0.95,0.9641414141414142,0.9481696126726552,100
1412,0.9693877551020408,0.9666666666666668,0.974921630094044,98
1413,0.9829059829059829,0.9904761904761905,0.9820639898604183,117
1414,0.9591836734693877,0.9682539682539681,0.9588774411755926,98
1415,0.9426229508196722,0.9546176046176045,0.9306231373398933,122
1416,0.9583333333333334,0.9571428571428571,0.9573229081573112,120
1417,1.0,1.0,1.0,96
1418,0.987012987012987,0.9888888888888889,0.9894076655052265,77
1419,0.9504950495049505,0.9641414141414142,0.9481696126726552,101
1420,0.9696969696969697,0.9666666666666668,0.974921630094044,99
1421,1.0,1.0,1.0,116
1422,0.979381443298969,0.9777777777777779,0.9787114845938376,97
1423,0.9586776859504132,0.9641414141414142,0.9481696126726552,121
1424,0.9747899159663865,0.9666666666666668,0.974921630094044,119
1425,0.9484536082474226,0.909090909090909,0.9106501547987615,97
1426,0.9230769230769231,0.8979797979797979,0.9001310803772482,78
1427,0.9117647058823529,0.8843434343434342,0.869869483002178,102
1428,0.93,0.8868686868686868,0.894420044639643,100
1429,0.9411764705882353,0.8995670995670995,0.8937667762381272,119
1430,0.92,0.8884559884559884,0.8811335866429124,100
1431,0.9112903225806451,0.8748196248196247,0.8549563696746203,124
1432,0.9262295081967213,0.8773448773448773,0.8778229227151885,122
1433,0.9489795918367347,0.909090909090909,0.9106501547987615,98
1434,0.9367088607594937,0.909090909090909,0.9106501547987615,79
1435,0.912621359223301,0.8843434343434342,0.869869483002178,103
1436,0.9306930693069307,0.8868686868686868,0.894420044639643,101
1437,0.9491525423728814,0.8979797979797979,0.9025994906035191,118
1438,0.9393939393939394,0.8979797979797979,0.9001310803772482,99
1439,0.926829268292683,0.8843434343434342,0.869869483002178,123
1440,0.9421487603305785,0.8939393939393939,0.9047993547086106,121
